INFO:/home/kellen/.cache/uv/environments-v2/garmindb-cli-b174125ee89b7976/lib/python3.12/site-packages/idbutils/version.py:/home/kellen/.local/bin/garmindb-cli has been tested on Python 1...1...0
INFO:/home/kellen/.cache/uv/environments-v2/garmindb-cli-b174125ee89b7976/lib/python3.12/site-packages/idbutils/version.py:/home/kellen/.local/bin/garmindb-cli 1...1...0
INFO:/home/kellen/.cache/uv/environments-v2/garmindb-cli-b174125ee89b7976/lib/python3.12/site-packages/garmindb/plugin_manager.py:Loading GarminDb plugins from /home/kellen/.HealthData/Plugins
INFO:/home/kellen/.cache/uv/environments-v2/garmindb-cli-b174125ee89b7976/lib/python3.12/site-packages/idbutils/plugin.py:Loading plugins from /home/kellen/.HealthData/Plugins
INFO:root:Enabled statistics: [<Statistics.monitoring: 1>, <Statistics.steps: 2>, <Statistics.itime: 3>, <Statistics.sleep: 4>, <Statistics.rhr: 5>, <Statistics.activities: 7>]
INFO:/home/kellen/.local/bin/garmindb-cli:___Downloading Latest Data___
INFO:root:load session from /home/kellen/.GarminDb/garth_session
INFO:root:login: Kellen Kanarios (e5b4a9bb-e10a-4a87-9af5-7dbff68d15dc)
INFO:root:Fetching 25 activities to /home/kellen/.HealthData/FitFiles/Activities
INFO:root:get_activity_types: '/home/kellen/.HealthData/FitFiles/Activities'
INFO:/home/kellen/.cache/uv/environments-v2/garmindb-cli-b174125ee89b7976/lib/python3.12/site-packages/garmindb/download.py:Getting activities: '/home/kellen/.HealthData/FitFiles/Activities' (25) temp /tmp/tmps2mxykar
INFO:root:get_activity_summaries
INFO:root:get_activities: Bloomfield - Base (23965830472)
INFO:root:get_activities: skipping download of 23965830472, already present
INFO:root:get_activities: Bloomfield - Base (23953407045)
INFO:root:get_activities: skipping download of 23953407045, already present
INFO:root:get_activities: Bloomfield - Base (23941471126)
INFO:root:get_activities: skipping download of 23941471126, already present
INFO:root:get_activities: Bloomfield Running (23926452362)
INFO:root:get_activities: skipping download of 23926452362, already present
INFO:root:get_activities: Bloomfield - Base (23915853967)
INFO:root:get_activities: skipping download of 23915853967, already present
INFO:root:get_activities: Detroit - Base (23899693795)
INFO:root:get_activities: skipping download of 23899693795, already present
INFO:root:get_activities: Bloomfield - Base (23890709188)
INFO:root:get_activities: skipping download of 23890709188, already present
INFO:root:get_activities: Bloomfield - Anaerobic (23879141898)
INFO:root:get_activities: skipping download of 23879141898, already present
INFO:root:get_activities: Bloomfield Running (23865987721)
INFO:root:get_activities: skipping download of 23865987721, already present
INFO:root:get_activities: Bloomfield - Long Run (23855373240)
INFO:root:get_activities: skipping download of 23855373240, already present
INFO:root:get_activities: Bloomfield - Base (23841273120)
INFO:root:get_activities: skipping download of 23841273120, already present
INFO:root:get_activities: Bloomfield - Base (23830041506)
INFO:root:get_activities: skipping download of 23830041506, already present
INFO:root:get_activities: New York Running (23804548375)
INFO:root:get_activities: skipping download of 23804548375, already present
INFO:root:get_activities: New York - Sprint (23804063285)
INFO:root:get_activities: skipping download of 23804063285, already present
INFO:root:get_activities: New York - Base (23776125009)
INFO:root:get_activities: skipping download of 23776125009, already present
INFO:root:get_activities: New York - Long Run (23767009521)
INFO:root:get_activities: skipping download of 23767009521, already present
INFO:root:get_activities: New York - Base (23758272879)
INFO:root:get_activities: skipping download of 23758272879, already present
INFO:root:get_activities: New York Running (23732169808)
INFO:root:get_activities: skipping download of 23732169808, already present
INFO:root:get_activities: Bloomfield - Recovery (23718078191)
INFO:root:get_activities: skipping download of 23718078191, already present
INFO:root:get_activities: Bloomfield - Base (23708047175)
INFO:root:get_activities: skipping download of 23708047175, already present
INFO:root:get_activities: Bloomfield - Base (23695853122)
INFO:root:get_activities: skipping download of 23695853122, already present
INFO:root:get_activities: Bloomfield - Base (23683881671)
INFO:root:get_activities: skipping download of 23683881671, already present
INFO:root:get_activities: Bloomfield - Base (23664379039)
INFO:root:get_activities: skipping download of 23664379039, already present
INFO:root:get_activities: Bloomfield - Base (23658440538)
INFO:root:get_activities: skipping download of 23658440538, already present
INFO:root:get_activities: Bloomfield Running (23611867097)
INFO:root:get_activities: skipping download of 23611867097, already present
INFO:root:unzip_files: from /tmp/tmps2mxykar to /home/kellen/.HealthData/FitFiles/Activities
INFO:/home/kellen/.local/bin/garmindb-cli:Downloading latest monitoring data from: 2026-08-13 23:59:59
INFO:root:Date range to update: 2026-08-12 (2) to /home/kellen/.HealthData/FitFiles/Monitoring
INFO:root:Getting daily summaries: 2026-08-12 (2)
INFO:root:get_summary_day: 2026-08-12
INFO:root:get_summary_day: 2026-08-13
INFO:root:Getting hydration: 2026-08-12 (2)
INFO:root:Getting monitoring: 2026-08-12 (2)
INFO:root:get_monitoring_day: 2026-08-12 to /tmp/tmp4eib_nvh
INFO:root:unzip_files: from /tmp/tmp4eib_nvh to /home/kellen/.HealthData/FitFiles/Monitoring/2026
INFO:root:get_monitoring_day: 2026-08-13 to /tmp/tmpsf_jn5oe
INFO:root:unzip_files: from /tmp/tmpsf_jn5oe to /home/kellen/.HealthData/FitFiles/Monitoring/2026
INFO:root:Saved monitoring files for 2026-08-12 (2) to /home/kellen/.HealthData/FitFiles/Monitoring for processing
INFO:idbutils.db_object:Found time_col_name timestamp for table Attributes
INFO:idbutils.db_object:Found time_col_name timestamp for table Device
INFO:/home/kellen/.local/bin/garmindb-cli:Downloading latest sleep data from: 2026-08-13
INFO:root:Date range to update: 2026-08-12 (2) to /home/kellen/.HealthData/Sleep
INFO:root:Getting sleep: 2026-08-12 (2)
INFO:root:Saved sleep files for 2026-08-12 (2) to /home/kellen/.HealthData/Sleep for processing
INFO:/home/kellen/.local/bin/garmindb-cli:Downloading latest rhr data from: 2026-08-13
INFO:root:Date range to update: 2026-08-12 (2) to /home/kellen/.HealthData/RHR
INFO:root:Getting rhr: 2026-08-12 (2)
INFO:root:Saved rhr files for 2026-08-12 (2) to /home/kellen/.HealthData/RHR for processing
INFO:/home/kellen/.local/bin/garmindb-cli:___Importing Latest Data___
INFO:/home/kellen/.cache/uv/environments-v2/garmindb-cli-b174125ee89b7976/lib/python3.12/site-packages/garmindb/import_monitoring.py:Processing user settings data
INFO:/home/kellen/.cache/uv/environments-v2/garmindb-cli-b174125ee89b7976/lib/python3.12/site-packages/garmindb/import_monitoring.py:Processing profile data
INFO:/home/kellen/.cache/uv/environments-v2/garmindb-cli-b174125ee89b7976/lib/python3.12/site-packages/idbutils/file_processor.py:Reading directory: /home/kellen/.HealthData/FitFiles looking for files matching ^user-settings\.json
INFO:root:Found 1 json files for ^user-settings\.json in /home/kellen/.HealthData/FitFiles
INFO:root:Processing 1 json files
INFO:/home/kellen/.cache/uv/environments-v2/garmindb-cli-b174125ee89b7976/lib/python3.12/site-packages/garmindb/import_monitoring.py:Processing profile data: {'measurement_system': 'DisplayMeasure.statute', 'gender': 'Gender.male', 'weight': 184.998734422, 'height': 6.166666896311233, 'vo2max_running': 56.0, 'vo2max_cycling': None, 'handedness': 'right'}
INFO:root:DB updated with 7 entries from /home/kellen/.HealthData/FitFiles/user-settings.json
INFO:root:DB updated with 7 entries from 1 files.
INFO:/home/kellen/.cache/uv/environments-v2/garmindb-cli-b174125ee89b7976/lib/python3.12/site-packages/garmindb/import_monitoring.py:Processing user personal information data
INFO:/home/kellen/.cache/uv/environments-v2/garmindb-cli-b174125ee89b7976/lib/python3.12/site-packages/garmindb/import_monitoring.py:Processing profile data
INFO:/home/kellen/.cache/uv/environments-v2/garmindb-cli-b174125ee89b7976/lib/python3.12/site-packages/idbutils/file_processor.py:Reading directory: /home/kellen/.HealthData/FitFiles looking for files matching ^personal-information\.json
INFO:root:Found 1 json files for ^personal-information\.json in /home/kellen/.HealthData/FitFiles
INFO:root:Processing 1 json files
INFO:/home/kellen/.cache/uv/environments-v2/garmindb-cli-b174125ee89b7976/lib/python3.12/site-packages/garmindb/import_monitoring.py:Processing profile data: {'locale': 'en', 'time_zone': 'America/New_York', 'country_code': 'US'}
INFO:root:DB updated with 3 entries from /home/kellen/.HealthData/FitFiles/personal-information.json
INFO:root:DB updated with 3 entries from 1 files.
INFO:/home/kellen/.cache/uv/environments-v2/garmindb-cli-b174125ee89b7976/lib/python3.12/site-packages/garmindb/import_monitoring.py:Processing user settings data
INFO:/home/kellen/.cache/uv/environments-v2/garmindb-cli-b174125ee89b7976/lib/python3.12/site-packages/garmindb/import_monitoring.py:Processing profile data
INFO:/home/kellen/.cache/uv/environments-v2/garmindb-cli-b174125ee89b7976/lib/python3.12/site-packages/idbutils/file_processor.py:Reading directory: /home/kellen/.HealthData/FitFiles looking for files matching ^social-profile\.json
INFO:root:Found 1 json files for ^social-profile\.json in /home/kellen/.HealthData/FitFiles
INFO:root:Processing 1 json files
INFO:/home/kellen/.cache/uv/environments-v2/garmindb-cli-b174125ee89b7976/lib/python3.12/site-packages/garmindb/import_monitoring.py:Processing profile data: {'id': 420473008, 'userName': 'kanarioskellen@gmail.com', 'name': 'Kellen Kanarios'}
INFO:root:DB updated with 3 entries from /home/kellen/.HealthData/FitFiles/social-profile.json
INFO:root:DB updated with 3 entries from 1 files.
INFO:/home/kellen/.cache/uv/environments-v2/garmindb-cli-b174125ee89b7976/lib/python3.12/site-packages/garmindb/fit_data.py:Processing [<FileType.settings: 2>] FIT data from /home/kellen/.HealthData/FitFiles
INFO:/home/kellen/.cache/uv/environments-v2/garmindb-cli-b174125ee89b7976/lib/python3.12/site-packages/idbutils/file_processor.py:Reading directory: /home/kellen/.HealthData/FitFiles looking for files matching \w+\.(fit|FIT)
INFO:/home/kellen/.cache/uv/environments-v2/garmindb-cli-b174125ee89b7976/lib/python3.12/site-packages/garmindb/import_monitoring.py:Processing daily summary data
INFO:/home/kellen/.cache/uv/environments-v2/garmindb-cli-b174125ee89b7976/lib/python3.12/site-packages/idbutils/file_processor.py:Reading directory: /home/kellen/.HealthData/FitFiles/Monitoring looking for files matching daily_summary_\d{4}-\d{2}-\d{2}\.json and created after 2026-08-13 10:06:57.893814
INFO:/home/kellen/.cache/uv/environments-v2/garmindb-cli-b174125ee89b7976/lib/python3.12/site-packages/idbutils/file_processor.py:Reading directory: /home/kellen/.HealthData/FitFiles/Monitoring/2026 looking for files matching daily_summary_\d{4}-\d{2}-\d{2}\.json and created after 2026-08-13 10:06:57.893849
INFO:/home/kellen/.cache/uv/environments-v2/garmindb-cli-b174125ee89b7976/lib/python3.12/site-packages/idbutils/file_processor.py:Reading directory: /home/kellen/.HealthData/FitFiles/Monitoring/2025 looking for files matching daily_summary_\d{4}-\d{2}-\d{2}\.json and created after 2026-08-13 10:06:57.896444
INFO:/home/kellen/.cache/uv/environments-v2/garmindb-cli-b174125ee89b7976/lib/python3.12/site-packages/idbutils/file_processor.py:Reading directory: /home/kellen/.HealthData/FitFiles/Monitoring/2024 looking for files matching daily_summary_\d{4}-\d{2}-\d{2}\.json and created after 2026-08-13 10:06:57.899703
INFO:root:Found 5 json files for daily_summary_\d{4}-\d{2}-\d{2}\.json in /home/kellen/.HealthData/FitFiles/Monitoring
INFO:root:Processing 5 json files
INFO:root:DB updated with 1 entries from /home/kellen/.HealthData/FitFiles/Monitoring/2026/daily_summary_2026-08-13.json
INFO:root:DB updated with 1 entries from /home/kellen/.HealthData/FitFiles/Monitoring/2026/daily_summary_2026-08-10.json
INFO:root:DB updated with 1 entries from /home/kellen/.HealthData/FitFiles/Monitoring/2026/daily_summary_2026-08-11.json
INFO:root:DB updated with 1 entries from /home/kellen/.HealthData/FitFiles/Monitoring/2026/daily_summary_2026-08-12.json
INFO:root:DB updated with 1 entries from /home/kellen/.HealthData/FitFiles/Monitoring/2026/daily_summary_2026-08-09.json
INFO:root:DB updated with 5 entries from 5 files.
INFO:/home/kellen/.cache/uv/environments-v2/garmindb-cli-b174125ee89b7976/lib/python3.12/site-packages/idbutils/file_processor.py:Reading directory: /home/kellen/.HealthData/FitFiles/Monitoring looking for files matching hydration_\d{4}-\d{2}-\d{2}\.json and created after 2026-08-13 10:06:57.912609
INFO:/home/kellen/.cache/uv/environments-v2/garmindb-cli-b174125ee89b7976/lib/python3.12/site-packages/idbutils/file_processor.py:Reading directory: /home/kellen/.HealthData/FitFiles/Monitoring/2026 looking for files matching hydration_\d{4}-\d{2}-\d{2}\.json and created after 2026-08-13 10:06:57.912640
INFO:/home/kellen/.cache/uv/environments-v2/garmindb-cli-b174125ee89b7976/lib/python3.12/site-packages/idbutils/file_processor.py:Reading directory: /home/kellen/.HealthData/FitFiles/Monitoring/2025 looking for files matching hydration_\d{4}-\d{2}-\d{2}\.json and created after 2026-08-13 10:06:57.915224
INFO:/home/kellen/.cache/uv/environments-v2/garmindb-cli-b174125ee89b7976/lib/python3.12/site-packages/idbutils/file_processor.py:Reading directory: /home/kellen/.HealthData/FitFiles/Monitoring/2024 looking for files matching hydration_\d{4}-\d{2}-\d{2}\.json and created after 2026-08-13 10:06:57.918493
INFO:root:Found 5 json files for hydration_\d{4}-\d{2}-\d{2}\.json in /home/kellen/.HealthData/FitFiles/Monitoring
INFO:root:Processing 5 json files
INFO:root:DB updated with 1 entries from /home/kellen/.HealthData/FitFiles/Monitoring/2026/hydration_2026-08-09.json
INFO:root:DB updated with 1 entries from /home/kellen/.HealthData/FitFiles/Monitoring/2026/hydration_2026-08-13.json
INFO:root:DB updated with 1 entries from /home/kellen/.HealthData/FitFiles/Monitoring/2026/hydration_2026-08-10.json
INFO:root:DB updated with 1 entries from /home/kellen/.HealthData/FitFiles/Monitoring/2026/hydration_2026-08-11.json
INFO:root:DB updated with 1 entries from /home/kellen/.HealthData/FitFiles/Monitoring/2026/hydration_2026-08-12.json
INFO:root:DB updated with 5 entries from 5 files.
INFO:/home/kellen/.cache/uv/environments-v2/garmindb-cli-b174125ee89b7976/lib/python3.12/site-packages/garmindb/fit_data.py:Processing [<FileType.monitoring_b: 32>] FIT data from /home/kellen/.HealthData/FitFiles/Monitoring
INFO:/home/kellen/.cache/uv/environments-v2/garmindb-cli-b174125ee89b7976/lib/python3.12/site-packages/idbutils/file_processor.py:Reading directory: /home/kellen/.HealthData/FitFiles/Monitoring looking for files matching \w+\.(fit|FIT) and created after 2026-08-13 10:06:57.943518
INFO:/home/kellen/.cache/uv/environments-v2/garmindb-cli-b174125ee89b7976/lib/python3.12/site-packages/idbutils/file_processor.py:Reading directory: /home/kellen/.HealthData/FitFiles/Monitoring/2026 looking for files matching \w+\.(fit|FIT) and created after 2026-08-13 10:06:57.943549
INFO:/home/kellen/.cache/uv/environments-v2/garmindb-cli-b174125ee89b7976/lib/python3.12/site-packages/idbutils/file_processor.py:Reading directory: /home/kellen/.HealthData/FitFiles/Monitoring/2025 looking for files matching \w+\.(fit|FIT) and created after 2026-08-13 10:06:57.953217
INFO:/home/kellen/.cache/uv/environments-v2/garmindb-cli-b174125ee89b7976/lib/python3.12/site-packages/idbutils/file_processor.py:Reading directory: /home/kellen/.HealthData/FitFiles/Monitoring/2024 looking for files matching \w+\.(fit|FIT) and created after 2026-08-13 10:06:57.965252
INFO:root:Debug: 0
INFO:root:Importing /home/kellen/.HealthData/FitFiles/Monitoring/2026/469652803775_WELLNESS.fit (2026-08-12 00:00:00) [FileType.monitoring_b] with message types: [<MessageType.file_id: 0>, <MessageType.device_info: 23>, <MessageType.software: 35>, <UnknownMessageType.unknown_355: 355>, <UnknownMessageType.unknown_484: 484>, <MessageType.monitoring_info: 103>, <MessageType.unknown_24: 24>, <MessageType.monitoring: 55>, <MessageType.ohr_settings: 188>, <MessageType.event: 21>, <MessageType.unknown_233: 233>, <MessageType.stress_level: 227>, <MessageType.respiration: 297>, <UnknownMessageType.unknown_279: 279>, <UnknownMessageType.unknown_211: 211>]
INFO:root:skipping non-matching File(<FileType.metrics: 44> /home/kellen/.HealthData/FitFiles/Monitoring/2026/468155827521_METRICS.fit FileType.metrics [<MessageType.file_id: 0>, <MessageType.file_creator: 49>, <MessageType.device_info: 23>, <MessageType.local_time: 241>, <UnknownMessageType.unknown_369: 369>] dev fields {})
INFO:root:Importing /home/kellen/.HealthData/FitFiles/Monitoring/2026/469519321256_WELLNESS.fit (2026-08-11 14:38:00) [FileType.monitoring_b] with message types: [<MessageType.file_id: 0>, <MessageType.device_info: 23>, <MessageType.software: 35>, <UnknownMessageType.unknown_355: 355>, <UnknownMessageType.unknown_484: 484>, <MessageType.monitoring_info: 103>, <MessageType.unknown_24: 24>, <MessageType.monitoring: 55>, <UnknownMessageType.unknown_211: 211>, <MessageType.ohr_settings: 188>, <MessageType.event: 21>, <UnknownMessageType.unknown_408: 408>, <MessageType.stress_level: 227>, <MessageType.respiration: 297>, <MessageType.unknown_233: 233>]
INFO:root:skipping non-matching File(<FileType.metrics: 44> /home/kellen/.HealthData/FitFiles/Monitoring/2026/468674130011_METRICS.fit FileType.metrics [<MessageType.file_id: 0>, <MessageType.file_creator: 49>, <MessageType.device_info: 23>, <MessageType.local_time: 241>, <UnknownMessageType.unknown_330: 330>, <UnknownMessageType.unknown_384: 384>, <UnknownMessageType.unknown_294: 294>, <UnknownMessageType.unknown_232: 232>, <UnknownMessageType.unknown_378: 378>, <UnknownMessageType.unknown_402: 402>, <UnknownMessageType.unknown_403: 403>, <UnknownMessageType.unknown_404: 404>, <UnknownMessageType.unknown_369: 369>, <UnknownMessageType.unknown_339: 339>, <UnknownMessageType.unknown_356: 356>, <UnknownMessageType.unknown_410: 410>, <MessageType.unknown_284: 284>, <UnknownMessageType.unknown_357: 357>] dev fields {})
INFO:root:Importing /home/kellen/.HealthData/FitFiles/Monitoring/2026/468307093300_WELLNESS.fit (2026-08-08 06:47:00) [FileType.monitoring_b] with message types: [<MessageType.file_id: 0>, <MessageType.device_info: 23>, <MessageType.software: 35>, <UnknownMessageType.unknown_355: 355>, <UnknownMessageType.unknown_484: 484>, <MessageType.monitoring_info: 103>, <MessageType.unknown_24: 24>, <MessageType.monitoring: 55>, <UnknownMessageType.unknown_211: 211>, <MessageType.ohr_settings: 188>, <MessageType.event: 21>, <MessageType.unknown_233: 233>, <UnknownMessageType.unknown_407: 407>, <UnknownMessageType.unknown_408: 408>, <MessageType.stress_level: 227>, <MessageType.respiration: 297>, <UnknownMessageType.unknown_279: 279>]
INFO:root:Importing /home/kellen/.HealthData/FitFiles/Monitoring/2026/469548198583_WELLNESS.fit (2026-08-11 16:54:00) [FileType.monitoring_b] with message types: [<MessageType.file_id: 0>, <MessageType.device_info: 23>, <MessageType.software: 35>, <UnknownMessageType.unknown_355: 355>, <UnknownMessageType.unknown_484: 484>, <MessageType.monitoring_info: 103>, <MessageType.unknown_24: 24>, <MessageType.monitoring: 55>, <UnknownMessageType.unknown_211: 211>, <MessageType.ohr_settings: 188>, <MessageType.event: 21>, <UnknownMessageType.unknown_408: 408>, <MessageType.stress_level: 227>, <MessageType.respiration: 297>, <MessageType.unknown_233: 233>, <UnknownMessageType.unknown_279: 279>]
INFO:root:skipping non-matching File(<FileType.metrics: 44> /home/kellen/.HealthData/FitFiles/Monitoring/2026/467833570263_METRICS.fit FileType.metrics [<MessageType.file_id: 0>, <MessageType.file_creator: 49>, <MessageType.device_info: 23>, <MessageType.local_time: 241>, <UnknownMessageType.unknown_281: 281>, <UnknownMessageType.unknown_339: 339>] dev fields {})
INFO:root:Importing /home/kellen/.HealthData/FitFiles/Monitoring/2026/469596190181_WELLNESS.fit (2026-08-11 16:56:00) [FileType.monitoring_b] with message types: [<MessageType.file_id: 0>, <MessageType.device_info: 23>, <MessageType.software: 35>, <UnknownMessageType.unknown_355: 355>, <UnknownMessageType.unknown_484: 484>, <MessageType.monitoring_info: 103>, <MessageType.unknown_24: 24>, <MessageType.monitoring: 55>, <UnknownMessageType.unknown_211: 211>, <MessageType.ohr_settings: 188>, <MessageType.event: 21>, <MessageType.unknown_233: 233>, <MessageType.stress_level: 227>, <MessageType.respiration: 297>, <UnknownMessageType.unknown_279: 279>]
INFO:root:Importing /home/kellen/.HealthData/FitFiles/Monitoring/2026/468398855628_WELLNESS.fit (2026-08-08 11:33:00) [FileType.monitoring_b] with message types: [<MessageType.file_id: 0>, <MessageType.device_info: 23>, <MessageType.software: 35>, <UnknownMessageType.unknown_355: 355>, <UnknownMessageType.unknown_484: 484>, <MessageType.monitoring_info: 103>, <MessageType.unknown_24: 24>, <MessageType.monitoring: 55>, <UnknownMessageType.unknown_211: 211>, <MessageType.ohr_settings: 188>, <MessageType.event: 21>, <MessageType.unknown_233: 233>, <UnknownMessageType.unknown_408: 408>, <MessageType.stress_level: 227>, <MessageType.respiration: 297>, <UnknownMessageType.unknown_279: 279>]
INFO:root:skipping non-matching File(<FileType.metrics: 44> /home/kellen/.HealthData/FitFiles/Monitoring/2026/469392230791_METRICS.fit FileType.metrics [<MessageType.file_id: 0>, <MessageType.file_creator: 49>, <MessageType.device_info: 23>, <MessageType.local_time: 241>, <UnknownMessageType.unknown_330: 330>, <UnknownMessageType.unknown_384: 384>, <UnknownMessageType.unknown_294: 294>, <UnknownMessageType.unknown_232: 232>, <UnknownMessageType.unknown_378: 378>, <UnknownMessageType.unknown_402: 402>, <UnknownMessageType.unknown_403: 403>, <UnknownMessageType.unknown_404: 404>, <UnknownMessageType.unknown_369: 369>, <UnknownMessageType.unknown_339: 339>, <UnknownMessageType.unknown_356: 356>, <UnknownMessageType.unknown_410: 410>, <MessageType.unknown_284: 284>, <UnknownMessageType.unknown_357: 357>] dev fields {})
INFO:root:Importing /home/kellen/.HealthData/FitFiles/Monitoring/2026/468192017483_WELLNESS.fit (2026-08-08 00:00:00) [FileType.monitoring_b] with message types: [<MessageType.file_id: 0>, <MessageType.device_info: 23>, <MessageType.software: 35>, <UnknownMessageType.unknown_355: 355>, <UnknownMessageType.unknown_484: 484>, <MessageType.monitoring_info: 103>, <MessageType.unknown_24: 24>, <MessageType.monitoring: 55>, <MessageType.ohr_settings: 188>, <MessageType.event: 21>, <MessageType.unknown_233: 233>, <MessageType.stress_level: 227>, <MessageType.respiration: 297>, <UnknownMessageType.unknown_279: 279>, <UnknownMessageType.unknown_211: 211>]
INFO:root:skipping non-matching File(<FileType.metrics: 44> /home/kellen/.HealthData/FitFiles/Monitoring/2026/468301265489_METRICS.fit FileType.metrics [<MessageType.file_id: 0>, <MessageType.file_creator: 49>, <MessageType.device_info: 23>, <MessageType.local_time: 241>, <UnknownMessageType.unknown_369: 369>] dev fields {})
INFO:root:Importing /home/kellen/.HealthData/FitFiles/Monitoring/2026/468674124843_WELLNESS.fit (2026-08-09 00:17:00) [FileType.monitoring_b] with message types: [<MessageType.file_id: 0>, <MessageType.device_info: 23>, <MessageType.software: 35>, <UnknownMessageType.unknown_355: 355>, <UnknownMessageType.unknown_484: 484>, <MessageType.monitoring_info: 103>, <MessageType.unknown_24: 24>, <MessageType.monitoring: 55>, <UnknownMessageType.unknown_211: 211>, <MessageType.ohr_settings: 188>, <MessageType.event: 21>, <MessageType.unknown_233: 233>, <MessageType.stress_level: 227>, <MessageType.respiration: 297>, <UnknownMessageType.unknown_279: 279>, <UnknownMessageType.unknown_408: 408>]
INFO:root:Importing /home/kellen/.HealthData/FitFiles/Monitoring/2026/469761787610_WELLNESS.fit (2026-08-12 06:04:00) [FileType.monitoring_b] with message types: [<MessageType.file_id: 0>, <MessageType.device_info: 23>, <MessageType.software: 35>, <UnknownMessageType.unknown_355: 355>, <UnknownMessageType.unknown_484: 484>, <MessageType.monitoring_info: 103>, <MessageType.unknown_24: 24>, <MessageType.monitoring: 55>, <UnknownMessageType.unknown_211: 211>, <MessageType.ohr_settings: 188>, <MessageType.event: 21>, <UnknownMessageType.unknown_407: 407>, <UnknownMessageType.unknown_408: 408>, <MessageType.stress_level: 227>, <MessageType.respiration: 297>, <MessageType.unknown_233: 233>, <UnknownMessageType.unknown_279: 279>]
INFO:root:skipping non-matching File(<FileType.sleep: 49> /home/kellen/.HealthData/FitFiles/Monitoring/2026/469759290389_SLEEP_DATA.fit FileType.sleep [<MessageType.file_id: 0>, <MessageType.file_creator: 49>, <MessageType.device_info: 23>, <MessageType.start: 273>, <MessageType.event: 21>, <UnknownMessageType.unknown_346: 346>, <MessageType.sleep_level: 275>, <UnknownMessageType.unknown_382: 382>, <UnknownMessageType.unknown_521: 521>] dev fields {})
INFO:root:Importing /home/kellen/.HealthData/FitFiles/Monitoring/2026/468547682078_WELLNESS.fit (2026-08-08 20:17:00) [FileType.monitoring_b] with message types: [<MessageType.file_id: 0>, <MessageType.device_info: 23>, <MessageType.software: 35>, <UnknownMessageType.unknown_355: 355>, <UnknownMessageType.unknown_484: 484>, <MessageType.monitoring_info: 103>, <MessageType.unknown_24: 24>, <MessageType.monitoring: 55>, <UnknownMessageType.unknown_211: 211>, <MessageType.ohr_settings: 188>, <MessageType.event: 21>, <MessageType.unknown_233: 233>, <MessageType.stress_level: 227>, <MessageType.respiration: 297>, <UnknownMessageType.unknown_279: 279>, <UnknownMessageType.unknown_408: 408>]
INFO:root:Importing /home/kellen/.HealthData/FitFiles/Monitoring/2026/469652739792_WELLNESS.fit (2026-08-11 20:25:00) [FileType.monitoring_b] with message types: [<MessageType.file_id: 0>, <MessageType.device_info: 23>, <MessageType.software: 35>, <UnknownMessageType.unknown_355: 355>, <UnknownMessageType.unknown_484: 484>, <MessageType.monitoring_info: 103>, <MessageType.unknown_24: 24>, <MessageType.monitoring: 55>, <UnknownMessageType.unknown_211: 211>, <MessageType.ohr_settings: 188>, <MessageType.event: 21>, <MessageType.stress_level: 227>, <MessageType.respiration: 297>, <UnknownMessageType.unknown_279: 279>, <MessageType.unknown_233: 233>, <UnknownMessageType.unknown_408: 408>]
INFO:root:skipping non-matching File(<FileType.hrv_status: 68> /home/kellen/.HealthData/FitFiles/Monitoring/2026/469392246007_HRV_STATUS.fit FileType.hrv_status [<MessageType.file_id: 0>, <MessageType.file_creator: 49>, <MessageType.device_info: 23>, <MessageType.source: 22>, <MessageType.timestamp_correlation: 162>, <MessageType.hrv_value: 371>, <MessageType.hrv_status_summary: 370>] dev fields {})
ERROR:/home/kellen/.cache/uv/environments-v2/garmindb-cli-b174125ee89b7976/lib/python3.12/site-packages/garmindb/fit_data.py:Failed to parse /home/kellen/.HealthData/FitFiles/Monitoring/2026/469746429385_METRICS.fit: Failed to parse Message DataMessage(<UnknownMessageType.unknown_493: 493>: []): unpack requires a buffer of 16 bytes
ERROR:root:Failed to parse /home/kellen/.HealthData/FitFiles/Monitoring/2026/469746429385_METRICS.fit: Failed to parse Message DataMessage(<UnknownMessageType.unknown_493: 493>: []): unpack requires a buffer of 16 bytes - Traceback (most recent call last):
  File "/home/kellen/.cache/uv/environments-v2/garmindb-cli-b174125ee89b7976/lib/python3.12/site-packages/fitfile/data_message.py", line 68, in __init__
    data_field = DataField(fit_file, definition_message, definition_message.field_definitions[index], measurement_system)
                 ^^^^^^^^^^^^^^^^^^^^^^^^^^^^^^^^^^^^^^^^^^^^^^^^^^^^^^^^^^^^^^^^^^^^^^^^^^^^^^^^^^^^^^^^^^^^^^^^^^^^^^^^
  File "/home/kellen/.cache/uv/environments-v2/garmindb-cli-b174125ee89b7976/lib/python3.12/site-packages/fitfile/data_field.py", line 26, in __init__
    super().__init__(file, schema, None, definition_message.endian)
  File "/home/kellen/.cache/uv/environments-v2/garmindb-cli-b174125ee89b7976/lib/python3.12/site-packages/fitfile/data.py", line 102, in __init__
    self.decode_all()
  File "/home/kellen/.cache/uv/environments-v2/garmindb-cli-b174125ee89b7976/lib/python3.12/site-packages/fitfile/data.py", line 114, in decode_all
    self._decode(self.primary_schema)
  File "/home/kellen/.cache/uv/environments-v2/garmindb-cli-b174125ee89b7976/lib/python3.12/site-packages/fitfile/data.py", line 109, in _decode
    bytes = struct.unpack(unpack_format, self.file.read(file_size))
            ^^^^^^^^^^^^^^^^^^^^^^^^^^^^^^^^^^^^^^^^^^^^^^^^^^^^^^^
struct.error: unpack requires a buffer of 16 bytes

During handling of the above exception, another exception occurred:

Traceback (most recent call last):
  File "/home/kellen/.cache/uv/environments-v2/garmindb-cli-b174125ee89b7976/lib/python3.12/site-packages/garmindb/fit_data.py", line 51, in process_files
    fit_file = fitfile.file.File(file_name, self.measurement_system)
               ^^^^^^^^^^^^^^^^^^^^^^^^^^^^^^^^^^^^^^^^^^^^^^^^^^^^^
  File "/home/kellen/.cache/uv/environments-v2/garmindb-cli-b174125ee89b7976/lib/python3.12/site-packages/fitfile/file.py", line 46, in __init__
    self.__parse(file)
  File "/home/kellen/.cache/uv/environments-v2/garmindb-cli-b174125ee89b7976/lib/python3.12/site-packages/fitfile/file.py", line 71, in __parse
    data_message = DataMessage(definition_message, file, self.measurement_system, data_message_context)
                   ^^^^^^^^^^^^^^^^^^^^^^^^^^^^^^^^^^^^^^^^^^^^^^^^^^^^^^^^^^^^^^^^^^^^^^^^^^^^^^^^^^^^
  File "/home/kellen/.cache/uv/environments-v2/garmindb-cli-b174125ee89b7976/lib/python3.12/site-packages/fitfile/data_message.py", line 70, in __init__
    raise FitMessageParse(self, e)
fitfile.exceptions.exceptions.FitMessageParse: Failed to parse Message DataMessage(<UnknownMessageType.unknown_493: 493>: []): unpack requires a buffer of 16 bytes

INFO:root:Importing /home/kellen/.HealthData/FitFiles/Monitoring/2026/468384501037_WELLNESS.fit (2026-08-08 07:33:00) [FileType.monitoring_b] with message types: [<MessageType.file_id: 0>, <MessageType.device_info: 23>, <MessageType.software: 35>, <UnknownMessageType.unknown_355: 355>, <UnknownMessageType.unknown_484: 484>, <MessageType.monitoring_info: 103>, <MessageType.unknown_24: 24>, <MessageType.monitoring: 55>, <UnknownMessageType.unknown_211: 211>, <MessageType.ohr_settings: 188>, <MessageType.event: 21>, <MessageType.unknown_233: 233>, <MessageType.stress_level: 227>, <MessageType.respiration: 297>, <UnknownMessageType.unknown_279: 279>, <UnknownMessageType.unknown_408: 408>, <UnknownMessageType.unknown_407: 407>]
INFO:root:skipping non-matching File(<FileType.metrics: 44> /home/kellen/.HealthData/FitFiles/Monitoring/2026/468185160095_METRICS.fit FileType.metrics [<MessageType.file_id: 0>, <MessageType.file_creator: 49>, <MessageType.device_info: 23>, <MessageType.local_time: 241>, <UnknownMessageType.unknown_281: 281>] dev fields {})
INFO:root:Importing /home/kellen/.HealthData/FitFiles/Monitoring/2026/469853109930_WELLNESS.fit (2026-08-12 11:11:00) [FileType.monitoring_b] with message types: [<MessageType.file_id: 0>, <MessageType.device_info: 23>, <MessageType.software: 35>, <UnknownMessageType.unknown_355: 355>, <UnknownMessageType.unknown_484: 484>, <MessageType.monitoring_info: 103>, <MessageType.unknown_24: 24>, <MessageType.monitoring: 55>, <UnknownMessageType.unknown_211: 211>, <MessageType.ohr_settings: 188>, <MessageType.event: 21>, <MessageType.stress_level: 227>, <MessageType.respiration: 297>, <UnknownMessageType.unknown_279: 279>, <MessageType.unknown_233: 233>, <UnknownMessageType.unknown_408: 408>]
INFO:root:skipping non-matching File(<UnknownEnumValue.UnknownEnumValue_79: 79> /home/kellen/.HealthData/FitFiles/Monitoring/2026/469759301184_SLEEP_DISRUPTIONS.fit <UnknownEnumValue.UnknownEnumValue_79: 79> [<MessageType.file_id: 0>, <MessageType.file_creator: 49>, <MessageType.device_info: 23>, <MessageType.timestamp_correlation: 162>, <UnknownMessageType.unknown_471: 471>, <UnknownMessageType.unknown_470: 470>] dev fields {})
INFO:root:skipping non-matching File(<FileType.sleep: 49> /home/kellen/.HealthData/FitFiles/Monitoring/2026/468306246850_SLEEP_DATA.fit FileType.sleep [<MessageType.file_id: 0>, <MessageType.file_creator: 49>, <MessageType.device_info: 23>, <MessageType.start: 273>, <MessageType.event: 21>, <UnknownMessageType.unknown_346: 346>, <MessageType.sleep_level: 275>, <UnknownMessageType.unknown_382: 382>, <UnknownMessageType.unknown_521: 521>] dev fields {})
INFO:root:Importing /home/kellen/.HealthData/FitFiles/Monitoring/2026/469519613412_WELLNESS.fit (2026-08-11 14:39:00) [FileType.monitoring_b] with message types: [<MessageType.file_id: 0>, <MessageType.device_info: 23>, <MessageType.software: 35>, <UnknownMessageType.unknown_355: 355>, <UnknownMessageType.unknown_484: 484>, <MessageType.monitoring_info: 103>, <MessageType.unknown_24: 24>, <MessageType.monitoring: 55>, <UnknownMessageType.unknown_211: 211>, <MessageType.ohr_settings: 188>, <MessageType.event: 21>, <MessageType.stress_level: 227>, <MessageType.respiration: 297>, <UnknownMessageType.unknown_279: 279>, <MessageType.unknown_233: 233>]
INFO:root:skipping non-matching File(<FileType.metrics: 44> /home/kellen/.HealthData/FitFiles/Monitoring/2026/468902863922_METRICS.fit FileType.metrics [<MessageType.file_id: 0>, <MessageType.file_creator: 49>, <MessageType.device_info: 23>, <MessageType.local_time: 241>, <UnknownMessageType.unknown_369: 369>] dev fields {})
INFO:root:skipping non-matching File(<FileType.metrics: 44> /home/kellen/.HealthData/FitFiles/Monitoring/2026/468918587312_METRICS.fit FileType.metrics [<MessageType.file_id: 0>, <MessageType.file_creator: 49>, <MessageType.device_info: 23>, <MessageType.local_time: 241>, <UnknownMessageType.unknown_369: 369>] dev fields {})
INFO:root:skipping non-matching File(<UnknownEnumValue.UnknownEnumValue_79: 79> /home/kellen/.HealthData/FitFiles/Monitoring/2026/469392264824_SLEEP_DISRUPTIONS.fit <UnknownEnumValue.UnknownEnumValue_79: 79> [<MessageType.file_id: 0>, <MessageType.file_creator: 49>, <MessageType.device_info: 23>, <MessageType.timestamp_correlation: 162>, <UnknownMessageType.unknown_471: 471>, <UnknownMessageType.unknown_470: 470>] dev fields {})
INFO:root:Importing /home/kellen/.HealthData/FitFiles/Monitoring/2026/470005750173_WELLNESS.fit (2026-08-12 15:38:00) [FileType.monitoring_b] with message types: [<MessageType.file_id: 0>, <MessageType.device_info: 23>, <MessageType.software: 35>, <UnknownMessageType.unknown_355: 355>, <UnknownMessageType.unknown_484: 484>, <MessageType.monitoring_info: 103>, <MessageType.unknown_24: 24>, <MessageType.monitoring: 55>, <UnknownMessageType.unknown_211: 211>, <MessageType.ohr_settings: 188>, <MessageType.event: 21>, <MessageType.stress_level: 227>, <MessageType.respiration: 297>, <MessageType.unknown_233: 233>, <UnknownMessageType.unknown_408: 408>, <UnknownMessageType.unknown_279: 279>]
INFO:root:Importing /home/kellen/.HealthData/FitFiles/Monitoring/2026/470287027333_WELLNESS.fit (2026-08-13 14:33:00) [FileType.monitoring_b] with message types: [<MessageType.file_id: 0>, <MessageType.device_info: 23>, <MessageType.software: 35>, <UnknownMessageType.unknown_355: 355>, <UnknownMessageType.unknown_484: 484>, <MessageType.monitoring_info: 103>, <MessageType.unknown_24: 24>, <MessageType.monitoring: 55>, <UnknownMessageType.unknown_211: 211>, <MessageType.ohr_settings: 188>, <MessageType.event: 21>, <MessageType.stress_level: 227>, <MessageType.respiration: 297>, <UnknownMessageType.unknown_279: 279>, <MessageType.unknown_233: 233>, <UnknownMessageType.unknown_408: 408>]
INFO:root:Importing /home/kellen/.HealthData/FitFiles/Monitoring/2026/469900442033_WELLNESS.fit (2026-08-12 15:33:00) [FileType.monitoring_b] with message types: [<MessageType.file_id: 0>, <MessageType.device_info: 23>, <MessageType.software: 35>, <UnknownMessageType.unknown_355: 355>, <UnknownMessageType.unknown_484: 484>, <MessageType.monitoring_info: 103>, <MessageType.unknown_24: 24>, <MessageType.monitoring: 55>, <UnknownMessageType.unknown_211: 211>, <MessageType.ohr_settings: 188>, <MessageType.event: 21>, <MessageType.stress_level: 227>, <MessageType.respiration: 297>, <UnknownMessageType.unknown_279: 279>, <MessageType.unknown_233: 233>, <UnknownMessageType.unknown_408: 408>]
INFO:root:Importing /home/kellen/.HealthData/FitFiles/Monitoring/2026/468082089862_WELLNESS.fit (2026-08-07 12:30:00) [FileType.monitoring_b] with message types: [<MessageType.file_id: 0>, <MessageType.device_info: 23>, <MessageType.software: 35>, <UnknownMessageType.unknown_355: 355>, <UnknownMessageType.unknown_484: 484>, <MessageType.monitoring_info: 103>, <MessageType.unknown_24: 24>, <MessageType.monitoring: 55>, <UnknownMessageType.unknown_211: 211>, <MessageType.ohr_settings: 188>, <MessageType.event: 21>, <MessageType.stress_level: 227>, <MessageType.respiration: 297>, <MessageType.unknown_233: 233>, <UnknownMessageType.unknown_408: 408>, <UnknownMessageType.unknown_279: 279>, <UnknownMessageType.unknown_407: 407>]
INFO:root:Importing /home/kellen/.HealthData/FitFiles/Monitoring/2026/469601673013_WELLNESS.fit (2026-08-11 19:50:00) [FileType.monitoring_b] with message types: [<MessageType.file_id: 0>, <MessageType.device_info: 23>, <MessageType.software: 35>, <UnknownMessageType.unknown_355: 355>, <UnknownMessageType.unknown_484: 484>, <MessageType.monitoring_info: 103>, <MessageType.unknown_24: 24>, <MessageType.monitoring: 55>, <UnknownMessageType.unknown_211: 211>, <MessageType.ohr_settings: 188>, <MessageType.event: 21>, <MessageType.stress_level: 227>, <MessageType.respiration: 297>, <MessageType.unknown_233: 233>, <UnknownMessageType.unknown_408: 408>, <UnknownMessageType.unknown_279: 279>]
INFO:root:Importing /home/kellen/.HealthData/FitFiles/Monitoring/2026/470089781204_WELLNESS.fit (2026-08-13 00:00:00) [FileType.monitoring_b] with message types: [<MessageType.file_id: 0>, <MessageType.device_info: 23>, <MessageType.software: 35>, <UnknownMessageType.unknown_355: 355>, <UnknownMessageType.unknown_484: 484>, <MessageType.monitoring_info: 103>, <MessageType.unknown_24: 24>, <MessageType.monitoring: 55>, <MessageType.ohr_settings: 188>, <MessageType.event: 21>, <MessageType.unknown_233: 233>, <MessageType.stress_level: 227>, <MessageType.respiration: 297>, <UnknownMessageType.unknown_279: 279>, <UnknownMessageType.unknown_211: 211>]
INFO:root:skipping non-matching File(<FileType.metrics: 44> /home/kellen/.HealthData/FitFiles/Monitoring/2026/467997104037_METRICS.fit FileType.metrics [<MessageType.file_id: 0>, <MessageType.file_creator: 49>, <MessageType.device_info: 23>, <MessageType.local_time: 241>, <UnknownMessageType.unknown_330: 330>, <UnknownMessageType.unknown_384: 384>, <UnknownMessageType.unknown_294: 294>, <UnknownMessageType.unknown_232: 232>, <UnknownMessageType.unknown_378: 378>, <UnknownMessageType.unknown_402: 402>, <UnknownMessageType.unknown_403: 403>, <UnknownMessageType.unknown_404: 404>, <UnknownMessageType.unknown_369: 369>, <UnknownMessageType.unknown_339: 339>, <UnknownMessageType.unknown_356: 356>, <UnknownMessageType.unknown_410: 410>, <MessageType.unknown_284: 284>, <UnknownMessageType.unknown_357: 357>] dev fields {})
INFO:root:Importing /home/kellen/.HealthData/FitFiles/Monitoring/2026/469207093858_WELLNESS.fit (2026-08-10 15:53:00) [FileType.monitoring_b] with message types: [<MessageType.file_id: 0>, <MessageType.device_info: 23>, <MessageType.software: 35>, <UnknownMessageType.unknown_355: 355>, <UnknownMessageType.unknown_484: 484>, <MessageType.monitoring_info: 103>, <MessageType.unknown_24: 24>, <MessageType.monitoring: 55>, <UnknownMessageType.unknown_211: 211>, <MessageType.ohr_settings: 188>, <MessageType.event: 21>, <MessageType.stress_level: 227>, <MessageType.respiration: 297>, <UnknownMessageType.unknown_279: 279>, <MessageType.unknown_233: 233>]
ERROR:/home/kellen/.cache/uv/environments-v2/garmindb-cli-b174125ee89b7976/lib/python3.12/site-packages/garmindb/fit_data.py:Failed to parse /home/kellen/.HealthData/FitFiles/Monitoring/2026/468552939405_METRICS.fit: Failed to parse Message DataMessage(<UnknownMessageType.unknown_493: 493>: []): unpack requires a buffer of 16 bytes
ERROR:root:Failed to parse /home/kellen/.HealthData/FitFiles/Monitoring/2026/468552939405_METRICS.fit: Failed to parse Message DataMessage(<UnknownMessageType.unknown_493: 493>: []): unpack requires a buffer of 16 bytes - Traceback (most recent call last):
  File "/home/kellen/.cache/uv/environments-v2/garmindb-cli-b174125ee89b7976/lib/python3.12/site-packages/fitfile/data_message.py", line 68, in __init__
    data_field = DataField(fit_file, definition_message, definition_message.field_definitions[index], measurement_system)
                 ^^^^^^^^^^^^^^^^^^^^^^^^^^^^^^^^^^^^^^^^^^^^^^^^^^^^^^^^^^^^^^^^^^^^^^^^^^^^^^^^^^^^^^^^^^^^^^^^^^^^^^^^
  File "/home/kellen/.cache/uv/environments-v2/garmindb-cli-b174125ee89b7976/lib/python3.12/site-packages/fitfile/data_field.py", line 26, in __init__
    super().__init__(file, schema, None, definition_message.endian)
  File "/home/kellen/.cache/uv/environments-v2/garmindb-cli-b174125ee89b7976/lib/python3.12/site-packages/fitfile/data.py", line 102, in __init__
    self.decode_all()
  File "/home/kellen/.cache/uv/environments-v2/garmindb-cli-b174125ee89b7976/lib/python3.12/site-packages/fitfile/data.py", line 114, in decode_all
    self._decode(self.primary_schema)
  File "/home/kellen/.cache/uv/environments-v2/garmindb-cli-b174125ee89b7976/lib/python3.12/site-packages/fitfile/data.py", line 109, in _decode
    bytes = struct.unpack(unpack_format, self.file.read(file_size))
            ^^^^^^^^^^^^^^^^^^^^^^^^^^^^^^^^^^^^^^^^^^^^^^^^^^^^^^^
struct.error: unpack requires a buffer of 16 bytes

During handling of the above exception, another exception occurred:

Traceback (most recent call last):
  File "/home/kellen/.cache/uv/environments-v2/garmindb-cli-b174125ee89b7976/lib/python3.12/site-packages/garmindb/fit_data.py", line 51, in process_files
    fit_file = fitfile.file.File(file_name, self.measurement_system)
               ^^^^^^^^^^^^^^^^^^^^^^^^^^^^^^^^^^^^^^^^^^^^^^^^^^^^^
  File "/home/kellen/.cache/uv/environments-v2/garmindb-cli-b174125ee89b7976/lib/python3.12/site-packages/fitfile/file.py", line 46, in __init__
    self.__parse(file)
  File "/home/kellen/.cache/uv/environments-v2/garmindb-cli-b174125ee89b7976/lib/python3.12/site-packages/fitfile/file.py", line 71, in __parse
    data_message = DataMessage(definition_message, file, self.measurement_system, data_message_context)
                   ^^^^^^^^^^^^^^^^^^^^^^^^^^^^^^^^^^^^^^^^^^^^^^^^^^^^^^^^^^^^^^^^^^^^^^^^^^^^^^^^^^^^
  File "/home/kellen/.cache/uv/environments-v2/garmindb-cli-b174125ee89b7976/lib/python3.12/site-packages/fitfile/data_message.py", line 70, in __init__
    raise FitMessageParse(self, e)
fitfile.exceptions.exceptions.FitMessageParse: Failed to parse Message DataMessage(<UnknownMessageType.unknown_493: 493>: []): unpack requires a buffer of 16 bytes

INFO:root:Importing /home/kellen/.HealthData/FitFiles/Monitoring/2026/468306243008_WELLNESS.fit (2026-08-08 00:53:00) [FileType.monitoring_b] with message types: [<MessageType.file_id: 0>, <MessageType.device_info: 23>, <MessageType.software: 35>, <UnknownMessageType.unknown_355: 355>, <UnknownMessageType.unknown_484: 484>, <MessageType.monitoring_info: 103>, <MessageType.unknown_24: 24>, <MessageType.monitoring: 55>, <UnknownMessageType.unknown_211: 211>, <MessageType.ohr_settings: 188>, <MessageType.event: 21>, <MessageType.unknown_233: 233>, <UnknownMessageType.unknown_408: 408>, <MessageType.stress_level: 227>, <MessageType.respiration: 297>, <UnknownMessageType.unknown_279: 279>]
INFO:root:Importing /home/kellen/.HealthData/FitFiles/Monitoring/2026/468410473240_WELLNESS.fit (2026-08-08 12:46:00) [FileType.monitoring_b] with message types: [<MessageType.file_id: 0>, <MessageType.device_info: 23>, <MessageType.software: 35>, <UnknownMessageType.unknown_355: 355>, <UnknownMessageType.unknown_484: 484>, <MessageType.monitoring_info: 103>, <MessageType.unknown_24: 24>, <MessageType.monitoring: 55>, <UnknownMessageType.unknown_211: 211>, <MessageType.ohr_settings: 188>, <MessageType.event: 21>, <MessageType.unknown_233: 233>, <MessageType.stress_level: 227>, <MessageType.respiration: 297>, <UnknownMessageType.unknown_279: 279>]
INFO:root:skipping non-matching File(<FileType.hrv_status: 68> /home/kellen/.HealthData/FitFiles/Monitoring/2026/469026490724_HRV_STATUS.fit FileType.hrv_status [<MessageType.file_id: 0>, <MessageType.file_creator: 49>, <MessageType.device_info: 23>, <MessageType.source: 22>, <MessageType.timestamp_correlation: 162>, <MessageType.hrv_value: 371>, <MessageType.hrv_status_summary: 370>] dev fields {})
INFO:root:skipping non-matching File(<FileType.metrics: 44> /home/kellen/.HealthData/FitFiles/Monitoring/2026/470020842152_METRICS.fit FileType.metrics [<MessageType.file_id: 0>, <MessageType.file_creator: 49>, <MessageType.device_info: 23>, <MessageType.local_time: 241>, <UnknownMessageType.unknown_281: 281>, <UnknownMessageType.unknown_339: 339>] dev fields {})
ERROR:/home/kellen/.cache/uv/environments-v2/garmindb-cli-b174125ee89b7976/lib/python3.12/site-packages/garmindb/fit_data.py:Failed to parse /home/kellen/.HealthData/FitFiles/Monitoring/2026/468998735284_METRICS.fit: Failed to parse Message DataMessage(<UnknownMessageType.unknown_493: 493>: []): unpack requires a buffer of 16 bytes
ERROR:root:Failed to parse /home/kellen/.HealthData/FitFiles/Monitoring/2026/468998735284_METRICS.fit: Failed to parse Message DataMessage(<UnknownMessageType.unknown_493: 493>: []): unpack requires a buffer of 16 bytes - Traceback (most recent call last):
  File "/home/kellen/.cache/uv/environments-v2/garmindb-cli-b174125ee89b7976/lib/python3.12/site-packages/fitfile/data_message.py", line 68, in __init__
    data_field = DataField(fit_file, definition_message, definition_message.field_definitions[index], measurement_system)
                 ^^^^^^^^^^^^^^^^^^^^^^^^^^^^^^^^^^^^^^^^^^^^^^^^^^^^^^^^^^^^^^^^^^^^^^^^^^^^^^^^^^^^^^^^^^^^^^^^^^^^^^^^
  File "/home/kellen/.cache/uv/environments-v2/garmindb-cli-b174125ee89b7976/lib/python3.12/site-packages/fitfile/data_field.py", line 26, in __init__
    super().__init__(file, schema, None, definition_message.endian)
  File "/home/kellen/.cache/uv/environments-v2/garmindb-cli-b174125ee89b7976/lib/python3.12/site-packages/fitfile/data.py", line 102, in __init__
    self.decode_all()
  File "/home/kellen/.cache/uv/environments-v2/garmindb-cli-b174125ee89b7976/lib/python3.12/site-packages/fitfile/data.py", line 114, in decode_all
    self._decode(self.primary_schema)
  File "/home/kellen/.cache/uv/environments-v2/garmindb-cli-b174125ee89b7976/lib/python3.12/site-packages/fitfile/data.py", line 109, in _decode
    bytes = struct.unpack(unpack_format, self.file.read(file_size))
            ^^^^^^^^^^^^^^^^^^^^^^^^^^^^^^^^^^^^^^^^^^^^^^^^^^^^^^^
struct.error: unpack requires a buffer of 16 bytes

During handling of the above exception, another exception occurred:

Traceback (most recent call last):
  File "/home/kellen/.cache/uv/environments-v2/garmindb-cli-b174125ee89b7976/lib/python3.12/site-packages/garmindb/fit_data.py", line 51, in process_files
    fit_file = fitfile.file.File(file_name, self.measurement_system)
               ^^^^^^^^^^^^^^^^^^^^^^^^^^^^^^^^^^^^^^^^^^^^^^^^^^^^^
  File "/home/kellen/.cache/uv/environments-v2/garmindb-cli-b174125ee89b7976/lib/python3.12/site-packages/fitfile/file.py", line 46, in __init__
    self.__parse(file)
  File "/home/kellen/.cache/uv/environments-v2/garmindb-cli-b174125ee89b7976/lib/python3.12/site-packages/fitfile/file.py", line 71, in __parse
    data_message = DataMessage(definition_message, file, self.measurement_system, data_message_context)
                   ^^^^^^^^^^^^^^^^^^^^^^^^^^^^^^^^^^^^^^^^^^^^^^^^^^^^^^^^^^^^^^^^^^^^^^^^^^^^^^^^^^^^
  File "/home/kellen/.cache/uv/environments-v2/garmindb-cli-b174125ee89b7976/lib/python3.12/site-packages/fitfile/data_message.py", line 70, in __init__
    raise FitMessageParse(self, e)
fitfile.exceptions.exceptions.FitMessageParse: Failed to parse Message DataMessage(<UnknownMessageType.unknown_493: 493>: []): unpack requires a buffer of 16 bytes

INFO:root:skipping non-matching File(<UnknownEnumValue.UnknownEnumValue_79: 79> /home/kellen/.HealthData/FitFiles/Monitoring/2026/468306259694_SLEEP_DISRUPTIONS.fit <UnknownEnumValue.UnknownEnumValue_79: 79> [<MessageType.file_id: 0>, <MessageType.file_creator: 49>, <MessageType.device_info: 23>, <MessageType.timestamp_correlation: 162>, <UnknownMessageType.unknown_471: 471>, <UnknownMessageType.unknown_470: 470>] dev fields {})
INFO:root:Importing /home/kellen/.HealthData/FitFiles/Monitoring/2026/468447266376_WELLNESS.fit (2026-08-08 13:17:00) [FileType.monitoring_b] with message types: [<MessageType.file_id: 0>, <MessageType.device_info: 23>, <MessageType.software: 35>, <UnknownMessageType.unknown_355: 355>, <UnknownMessageType.unknown_484: 484>, <MessageType.monitoring_info: 103>, <MessageType.unknown_24: 24>, <MessageType.monitoring: 55>, <UnknownMessageType.unknown_211: 211>, <MessageType.ohr_settings: 188>, <MessageType.event: 21>, <MessageType.stress_level: 227>, <MessageType.respiration: 297>, <UnknownMessageType.unknown_279: 279>, <MessageType.unknown_233: 233>, <UnknownMessageType.unknown_407: 407>, <UnknownMessageType.unknown_408: 408>]
INFO:root:skipping non-matching File(<FileType.metrics: 44> /home/kellen/.HealthData/FitFiles/Monitoring/2026/470247564242_METRICS.fit FileType.metrics [<MessageType.file_id: 0>, <MessageType.file_creator: 49>, <MessageType.device_info: 23>, <MessageType.local_time: 241>, <UnknownMessageType.unknown_357: 357>, <MessageType.unknown_284: 284>, <UnknownMessageType.unknown_229: 229>, <UnknownMessageType.unknown_294: 294>, <UnknownMessageType.unknown_232: 232>, <UnknownMessageType.unknown_378: 378>, <UnknownMessageType.unknown_402: 402>, <UnknownMessageType.unknown_403: 403>, <UnknownMessageType.unknown_404: 404>, <UnknownMessageType.unknown_369: 369>, <UnknownMessageType.unknown_281: 281>, <UnknownMessageType.unknown_339: 339>, <UnknownMessageType.unknown_356: 356>, <UnknownMessageType.unknown_410: 410>, <UnknownMessageType.unknown_430: 430>] dev fields {})
INFO:root:skipping non-matching File(<FileType.metrics: 44> /home/kellen/.HealthData/FitFiles/Monitoring/2026/469026504577_METRICS.fit FileType.metrics [<MessageType.file_id: 0>, <MessageType.file_creator: 49>, <MessageType.device_info: 23>, <MessageType.local_time: 241>, <UnknownMessageType.unknown_330: 330>, <UnknownMessageType.unknown_384: 384>, <UnknownMessageType.unknown_294: 294>, <UnknownMessageType.unknown_232: 232>, <UnknownMessageType.unknown_378: 378>, <UnknownMessageType.unknown_402: 402>, <UnknownMessageType.unknown_403: 403>, <UnknownMessageType.unknown_404: 404>, <UnknownMessageType.unknown_369: 369>, <UnknownMessageType.unknown_339: 339>, <UnknownMessageType.unknown_356: 356>, <UnknownMessageType.unknown_410: 410>, <MessageType.unknown_284: 284>, <UnknownMessageType.unknown_357: 357>] dev fields {})
INFO:root:skipping non-matching File(<FileType.sleep: 49> /home/kellen/.HealthData/FitFiles/Monitoring/2026/470123661332_SLEEP_DATA.fit FileType.sleep [<MessageType.file_id: 0>, <MessageType.file_creator: 49>, <MessageType.device_info: 23>, <MessageType.start: 273>, <MessageType.event: 21>, <UnknownMessageType.unknown_346: 346>, <MessageType.sleep_level: 275>, <UnknownMessageType.unknown_382: 382>, <UnknownMessageType.unknown_521: 521>] dev fields {})
INFO:root:skipping non-matching File(<FileType.metrics: 44> /home/kellen/.HealthData/FitFiles/Monitoring/2026/469336438376_METRICS.fit FileType.metrics [<MessageType.file_id: 0>, <MessageType.file_creator: 49>, <MessageType.device_info: 23>, <MessageType.local_time: 241>, <UnknownMessageType.unknown_281: 281>, <UnknownMessageType.unknown_339: 339>] dev fields {})
INFO:root:skipping non-matching File(<FileType.metrics: 44> /home/kellen/.HealthData/FitFiles/Monitoring/2026/469141337456_METRICS.fit FileType.metrics [<MessageType.file_id: 0>, <MessageType.file_creator: 49>, <MessageType.device_info: 23>, <MessageType.local_time: 241>, <UnknownMessageType.unknown_357: 357>, <MessageType.unknown_284: 284>, <UnknownMessageType.unknown_229: 229>, <UnknownMessageType.unknown_294: 294>, <UnknownMessageType.unknown_232: 232>, <UnknownMessageType.unknown_378: 378>, <UnknownMessageType.unknown_402: 402>, <UnknownMessageType.unknown_403: 403>, <UnknownMessageType.unknown_404: 404>, <UnknownMessageType.unknown_369: 369>, <UnknownMessageType.unknown_281: 281>, <UnknownMessageType.unknown_339: 339>, <UnknownMessageType.unknown_356: 356>, <UnknownMessageType.unknown_410: 410>] dev fields {})
INFO:root:Importing /home/kellen/.HealthData/FitFiles/Monitoring/2026/470225631740_WELLNESS.fit (2026-08-13 10:11:00) [FileType.monitoring_b] with message types: [<MessageType.file_id: 0>, <MessageType.device_info: 23>, <MessageType.software: 35>, <UnknownMessageType.unknown_355: 355>, <UnknownMessageType.unknown_484: 484>, <MessageType.monitoring_info: 103>, <MessageType.unknown_24: 24>, <MessageType.monitoring: 55>, <UnknownMessageType.unknown_211: 211>, <MessageType.ohr_settings: 188>, <MessageType.event: 21>, <MessageType.stress_level: 227>, <MessageType.respiration: 297>, <UnknownMessageType.unknown_279: 279>, <MessageType.unknown_233: 233>, <UnknownMessageType.unknown_408: 408>]
INFO:root:skipping non-matching File(<FileType.sleep: 49> /home/kellen/.HealthData/FitFiles/Monitoring/2026/469392256040_SLEEP_DATA.fit FileType.sleep [<MessageType.file_id: 0>, <MessageType.file_creator: 49>, <MessageType.device_info: 23>, <MessageType.start: 273>, <MessageType.event: 21>, <UnknownMessageType.unknown_346: 346>, <MessageType.sleep_level: 275>, <UnknownMessageType.unknown_382: 382>, <UnknownMessageType.unknown_521: 521>] dev fields {})
INFO:root:Importing /home/kellen/.HealthData/FitFiles/Monitoring/2026/469838152712_WELLNESS.fit (2026-08-12 06:14:00) [FileType.monitoring_b] with message types: [<MessageType.file_id: 0>, <MessageType.device_info: 23>, <MessageType.software: 35>, <UnknownMessageType.unknown_355: 355>, <UnknownMessageType.unknown_484: 484>, <MessageType.monitoring_info: 103>, <MessageType.unknown_24: 24>, <MessageType.monitoring: 55>, <UnknownMessageType.unknown_211: 211>, <MessageType.ohr_settings: 188>, <MessageType.event: 21>, <MessageType.unknown_233: 233>, <UnknownMessageType.unknown_408: 408>, <MessageType.stress_level: 227>, <MessageType.respiration: 297>, <UnknownMessageType.unknown_279: 279>, <UnknownMessageType.unknown_407: 407>]
INFO:root:skipping non-matching File(<FileType.metrics: 44> /home/kellen/.HealthData/FitFiles/Monitoring/2026/470247550672_METRICS.fit FileType.metrics [<MessageType.file_id: 0>, <MessageType.file_creator: 49>, <MessageType.device_info: 23>, <MessageType.local_time: 241>, <UnknownMessageType.unknown_369: 369>] dev fields {})
INFO:root:Importing /home/kellen/.HealthData/FitFiles/Monitoring/2026/468698948058_WELLNESS.fit (2026-08-09 07:14:00) [FileType.monitoring_b] with message types: [<MessageType.file_id: 0>, <MessageType.device_info: 23>, <MessageType.software: 35>, <UnknownMessageType.unknown_355: 355>, <UnknownMessageType.unknown_484: 484>, <MessageType.monitoring_info: 103>, <MessageType.unknown_24: 24>, <MessageType.monitoring: 55>, <UnknownMessageType.unknown_211: 211>, <MessageType.ohr_settings: 188>, <MessageType.event: 21>, <MessageType.unknown_233: 233>, <MessageType.stress_level: 227>, <MessageType.respiration: 297>, <UnknownMessageType.unknown_279: 279>]
INFO:root:skipping non-matching File(<FileType.metrics: 44> /home/kellen/.HealthData/FitFiles/Monitoring/2026/468913353312_METRICS.fit FileType.metrics [<MessageType.file_id: 0>, <MessageType.file_creator: 49>, <MessageType.device_info: 23>, <MessageType.local_time: 241>, <UnknownMessageType.unknown_281: 281>, <UnknownMessageType.unknown_339: 339>] dev fields {})
INFO:root:Importing /home/kellen/.HealthData/FitFiles/Monitoring/2026/469392260762_WELLNESS.fit (2026-08-11 03:00:00) [FileType.monitoring_b] with message types: [<MessageType.file_id: 0>, <MessageType.device_info: 23>, <MessageType.software: 35>, <UnknownMessageType.unknown_355: 355>, <UnknownMessageType.unknown_484: 484>, <MessageType.monitoring_info: 103>, <MessageType.unknown_24: 24>, <MessageType.monitoring: 55>, <UnknownMessageType.unknown_211: 211>, <MessageType.ohr_settings: 188>, <MessageType.event: 21>, <MessageType.stress_level: 227>, <MessageType.respiration: 297>, <MessageType.unknown_233: 233>, <UnknownMessageType.unknown_279: 279>, <UnknownMessageType.unknown_408: 408>]
INFO:root:Importing /home/kellen/.HealthData/FitFiles/Monitoring/2026/469495575222_WELLNESS.fit (2026-08-11 08:21:00) [FileType.monitoring_b] with message types: [<MessageType.file_id: 0>, <MessageType.device_info: 23>, <MessageType.software: 35>, <UnknownMessageType.unknown_355: 355>, <UnknownMessageType.unknown_484: 484>, <MessageType.monitoring_info: 103>, <MessageType.unknown_24: 24>, <MessageType.monitoring: 55>, <UnknownMessageType.unknown_211: 211>, <MessageType.ohr_settings: 188>, <MessageType.event: 21>, <MessageType.stress_level: 227>, <MessageType.respiration: 297>, <UnknownMessageType.unknown_279: 279>, <MessageType.unknown_233: 233>, <UnknownMessageType.unknown_408: 408>, <UnknownMessageType.unknown_407: 407>]
INFO:root:skipping non-matching File(<FileType.sleep: 49> /home/kellen/.HealthData/FitFiles/Monitoring/2026/468674156373_SLEEP_DATA.fit FileType.sleep [<MessageType.file_id: 0>, <MessageType.file_creator: 49>, <MessageType.device_info: 23>, <MessageType.start: 273>, <MessageType.event: 21>, <UnknownMessageType.unknown_346: 346>, <MessageType.sleep_level: 275>, <UnknownMessageType.unknown_382: 382>, <UnknownMessageType.unknown_521: 521>] dev fields {})
INFO:root:Importing /home/kellen/.HealthData/FitFiles/Monitoring/2026/468547694658_WELLNESS.fit (2026-08-09 00:00:00) [FileType.monitoring_b] with message types: [<MessageType.file_id: 0>, <MessageType.device_info: 23>, <MessageType.software: 35>, <UnknownMessageType.unknown_355: 355>, <UnknownMessageType.unknown_484: 484>, <MessageType.monitoring_info: 103>, <MessageType.unknown_24: 24>, <MessageType.monitoring: 55>, <MessageType.ohr_settings: 188>, <MessageType.event: 21>, <MessageType.unknown_233: 233>, <MessageType.stress_level: 227>, <MessageType.respiration: 297>, <UnknownMessageType.unknown_279: 279>, <UnknownMessageType.unknown_211: 211>]
INFO:root:Importing /home/kellen/.HealthData/FitFiles/Monitoring/2026/467833583123_WELLNESS.fit (2026-08-07 00:00:00) [FileType.monitoring_b] with message types: [<MessageType.file_id: 0>, <MessageType.device_info: 23>, <MessageType.software: 35>, <UnknownMessageType.unknown_355: 355>, <UnknownMessageType.unknown_484: 484>, <MessageType.monitoring_info: 103>, <MessageType.unknown_24: 24>, <MessageType.monitoring: 55>, <MessageType.ohr_settings: 188>, <MessageType.event: 21>, <MessageType.unknown_233: 233>, <MessageType.stress_level: 227>, <MessageType.respiration: 297>, <UnknownMessageType.unknown_279: 279>, <UnknownMessageType.unknown_211: 211>]
ERROR:/home/kellen/.cache/uv/environments-v2/garmindb-cli-b174125ee89b7976/lib/python3.12/site-packages/garmindb/fit_data.py:Failed to parse /home/kellen/.HealthData/FitFiles/Monitoring/2026/470079150063_METRICS.fit: Failed to parse Message DataMessage(<UnknownMessageType.unknown_493: 493>: []): unpack requires a buffer of 16 bytes
ERROR:root:Failed to parse /home/kellen/.HealthData/FitFiles/Monitoring/2026/470079150063_METRICS.fit: Failed to parse Message DataMessage(<UnknownMessageType.unknown_493: 493>: []): unpack requires a buffer of 16 bytes - Traceback (most recent call last):
  File "/home/kellen/.cache/uv/environments-v2/garmindb-cli-b174125ee89b7976/lib/python3.12/site-packages/fitfile/data_message.py", line 68, in __init__
    data_field = DataField(fit_file, definition_message, definition_message.field_definitions[index], measurement_system)
                 ^^^^^^^^^^^^^^^^^^^^^^^^^^^^^^^^^^^^^^^^^^^^^^^^^^^^^^^^^^^^^^^^^^^^^^^^^^^^^^^^^^^^^^^^^^^^^^^^^^^^^^^^
  File "/home/kellen/.cache/uv/environments-v2/garmindb-cli-b174125ee89b7976/lib/python3.12/site-packages/fitfile/data_field.py", line 26, in __init__
    super().__init__(file, schema, None, definition_message.endian)
  File "/home/kellen/.cache/uv/environments-v2/garmindb-cli-b174125ee89b7976/lib/python3.12/site-packages/fitfile/data.py", line 102, in __init__
    self.decode_all()
  File "/home/kellen/.cache/uv/environments-v2/garmindb-cli-b174125ee89b7976/lib/python3.12/site-packages/fitfile/data.py", line 114, in decode_all
    self._decode(self.primary_schema)
  File "/home/kellen/.cache/uv/environments-v2/garmindb-cli-b174125ee89b7976/lib/python3.12/site-packages/fitfile/data.py", line 109, in _decode
    bytes = struct.unpack(unpack_format, self.file.read(file_size))
            ^^^^^^^^^^^^^^^^^^^^^^^^^^^^^^^^^^^^^^^^^^^^^^^^^^^^^^^
struct.error: unpack requires a buffer of 16 bytes

During handling of the above exception, another exception occurred:

Traceback (most recent call last):
  File "/home/kellen/.cache/uv/environments-v2/garmindb-cli-b174125ee89b7976/lib/python3.12/site-packages/garmindb/fit_data.py", line 51, in process_files
    fit_file = fitfile.file.File(file_name, self.measurement_system)
               ^^^^^^^^^^^^^^^^^^^^^^^^^^^^^^^^^^^^^^^^^^^^^^^^^^^^^
  File "/home/kellen/.cache/uv/environments-v2/garmindb-cli-b174125ee89b7976/lib/python3.12/site-packages/fitfile/file.py", line 46, in __init__
    self.__parse(file)
  File "/home/kellen/.cache/uv/environments-v2/garmindb-cli-b174125ee89b7976/lib/python3.12/site-packages/fitfile/file.py", line 71, in __parse
    data_message = DataMessage(definition_message, file, self.measurement_system, data_message_context)
                   ^^^^^^^^^^^^^^^^^^^^^^^^^^^^^^^^^^^^^^^^^^^^^^^^^^^^^^^^^^^^^^^^^^^^^^^^^^^^^^^^^^^^
  File "/home/kellen/.cache/uv/environments-v2/garmindb-cli-b174125ee89b7976/lib/python3.12/site-packages/fitfile/data_message.py", line 70, in __init__
    raise FitMessageParse(self, e)
fitfile.exceptions.exceptions.FitMessageParse: Failed to parse Message DataMessage(<UnknownMessageType.unknown_493: 493>: []): unpack requires a buffer of 16 bytes

INFO:root:skipping non-matching File(<FileType.metrics: 44> /home/kellen/.HealthData/FitFiles/Monitoring/2026/468547686429_METRICS.fit FileType.metrics [<MessageType.file_id: 0>, <MessageType.file_creator: 49>, <MessageType.device_info: 23>, <MessageType.local_time: 241>, <UnknownMessageType.unknown_281: 281>, <UnknownMessageType.unknown_339: 339>] dev fields {})
INFO:root:skipping non-matching File(<FileType.metrics: 44> /home/kellen/.HealthData/FitFiles/Monitoring/2026/469759265088_METRICS.fit FileType.metrics [<MessageType.file_id: 0>, <MessageType.file_creator: 49>, <MessageType.device_info: 23>, <MessageType.local_time: 241>, <UnknownMessageType.unknown_330: 330>, <UnknownMessageType.unknown_384: 384>, <UnknownMessageType.unknown_294: 294>, <UnknownMessageType.unknown_232: 232>, <UnknownMessageType.unknown_378: 378>, <UnknownMessageType.unknown_402: 402>, <UnknownMessageType.unknown_403: 403>, <UnknownMessageType.unknown_404: 404>, <UnknownMessageType.unknown_369: 369>, <UnknownMessageType.unknown_339: 339>, <UnknownMessageType.unknown_356: 356>, <UnknownMessageType.unknown_410: 410>, <MessageType.unknown_284: 284>, <UnknownMessageType.unknown_357: 357>] dev fields {})
INFO:root:skipping non-matching File(<FileType.hrv_status: 68> /home/kellen/.HealthData/FitFiles/Monitoring/2026/468674138817_HRV_STATUS.fit FileType.hrv_status [<MessageType.file_id: 0>, <MessageType.file_creator: 49>, <MessageType.device_info: 23>, <MessageType.source: 22>, <MessageType.timestamp_correlation: 162>, <MessageType.hrv_value: 371>, <MessageType.hrv_status_summary: 370>] dev fields {})
INFO:root:skipping non-matching File(<FileType.metrics: 44> /home/kellen/.HealthData/FitFiles/Monitoring/2026/468913329561_METRICS.fit FileType.metrics [<MessageType.file_id: 0>, <MessageType.file_creator: 49>, <MessageType.device_info: 23>, <MessageType.local_time: 241>, <UnknownMessageType.unknown_281: 281>] dev fields {})
INFO:root:skipping non-matching File(<FileType.sleep: 49> /home/kellen/.HealthData/FitFiles/Monitoring/2026/467997114205_SLEEP_DATA.fit FileType.sleep [<MessageType.file_id: 0>, <MessageType.file_creator: 49>, <MessageType.device_info: 23>, <MessageType.start: 273>, <MessageType.event: 21>, <UnknownMessageType.unknown_346: 346>, <MessageType.sleep_level: 275>, <UnknownMessageType.unknown_382: 382>, <UnknownMessageType.unknown_521: 521>] dev fields {})
INFO:root:Importing /home/kellen/.HealthData/FitFiles/Monitoring/2026/468913347042_WELLNESS.fit (2026-08-09 16:13:00) [FileType.monitoring_b] with message types: [<MessageType.file_id: 0>, <MessageType.device_info: 23>, <MessageType.software: 35>, <UnknownMessageType.unknown_355: 355>, <UnknownMessageType.unknown_484: 484>, <MessageType.monitoring_info: 103>, <MessageType.unknown_24: 24>, <MessageType.monitoring: 55>, <UnknownMessageType.unknown_211: 211>, <MessageType.ohr_settings: 188>, <MessageType.event: 21>, <MessageType.unknown_233: 233>, <MessageType.stress_level: 227>, <MessageType.respiration: 297>, <UnknownMessageType.unknown_279: 279>, <UnknownMessageType.unknown_408: 408>]
INFO:root:skipping non-matching File(<FileType.metrics: 44> /home/kellen/.HealthData/FitFiles/Monitoring/2026/468354949107_METRICS.fit FileType.metrics [<MessageType.file_id: 0>, <MessageType.file_creator: 49>, <MessageType.device_info: 23>, <MessageType.local_time: 241>, <UnknownMessageType.unknown_357: 357>, <MessageType.unknown_284: 284>, <UnknownMessageType.unknown_229: 229>, <UnknownMessageType.unknown_294: 294>, <UnknownMessageType.unknown_232: 232>, <UnknownMessageType.unknown_378: 378>, <UnknownMessageType.unknown_402: 402>, <UnknownMessageType.unknown_403: 403>, <UnknownMessageType.unknown_404: 404>, <UnknownMessageType.unknown_369: 369>, <UnknownMessageType.unknown_281: 281>, <UnknownMessageType.unknown_339: 339>, <UnknownMessageType.unknown_356: 356>, <UnknownMessageType.unknown_410: 410>, <UnknownMessageType.unknown_430: 430>] dev fields {})
INFO:root:Importing /home/kellen/.HealthData/FitFiles/Monitoring/2026/470248308188_WELLNESS.fit (2026-08-13 12:56:00) [FileType.monitoring_b] with message types: [<MessageType.file_id: 0>, <MessageType.device_info: 23>, <MessageType.software: 35>, <UnknownMessageType.unknown_355: 355>, <UnknownMessageType.unknown_484: 484>, <MessageType.monitoring_info: 103>, <MessageType.unknown_24: 24>, <MessageType.monitoring: 55>, <UnknownMessageType.unknown_211: 211>, <MessageType.ohr_settings: 188>, <MessageType.event: 21>, <MessageType.stress_level: 227>, <MessageType.respiration: 297>, <MessageType.unknown_233: 233>, <UnknownMessageType.unknown_408: 408>, <UnknownMessageType.unknown_279: 279>, <UnknownMessageType.unknown_407: 407>]
INFO:root:Importing /home/kellen/.HealthData/FitFiles/Monitoring/2026/469519027515_WELLNESS.fit (2026-08-11 13:03:00) [FileType.monitoring_b] with message types: [<MessageType.file_id: 0>, <MessageType.device_info: 23>, <MessageType.software: 35>, <UnknownMessageType.unknown_355: 355>, <UnknownMessageType.unknown_484: 484>, <MessageType.monitoring_info: 103>, <MessageType.unknown_24: 24>, <MessageType.monitoring: 55>, <UnknownMessageType.unknown_211: 211>, <MessageType.ohr_settings: 188>, <MessageType.event: 21>, <MessageType.stress_level: 227>, <MessageType.respiration: 297>, <UnknownMessageType.unknown_279: 279>, <MessageType.unknown_233: 233>, <UnknownMessageType.unknown_408: 408>]
INFO:root:Importing /home/kellen/.HealthData/FitFiles/Monitoring/2026/468674152401_WELLNESS.fit (2026-08-09 07:00:00) [FileType.monitoring_b] with message types: [<MessageType.file_id: 0>, <MessageType.device_info: 23>, <MessageType.software: 35>, <UnknownMessageType.unknown_355: 355>, <UnknownMessageType.unknown_484: 484>, <MessageType.monitoring_info: 103>, <MessageType.unknown_24: 24>, <MessageType.monitoring: 55>, <UnknownMessageType.unknown_211: 211>, <MessageType.ohr_settings: 188>, <MessageType.event: 21>]
INFO:root:Importing /home/kellen/.HealthData/FitFiles/Monitoring/2026/468185171660_WELLNESS.fit (2026-08-07 20:53:00) [FileType.monitoring_b] with message types: [<MessageType.file_id: 0>, <MessageType.device_info: 23>, <MessageType.software: 35>, <UnknownMessageType.unknown_355: 355>, <UnknownMessageType.unknown_484: 484>, <MessageType.monitoring_info: 103>, <MessageType.unknown_24: 24>, <MessageType.monitoring: 55>, <UnknownMessageType.unknown_211: 211>, <MessageType.ohr_settings: 188>, <MessageType.event: 21>, <MessageType.unknown_233: 233>, <UnknownMessageType.unknown_408: 408>, <MessageType.stress_level: 227>, <MessageType.respiration: 297>, <UnknownMessageType.unknown_279: 279>]
INFO:root:Importing /home/kellen/.HealthData/FitFiles/Monitoring/2026/468810978577_WELLNESS.fit (2026-08-09 15:31:00) [FileType.monitoring_b] with message types: [<MessageType.file_id: 0>, <MessageType.device_info: 23>, <MessageType.software: 35>, <UnknownMessageType.unknown_355: 355>, <UnknownMessageType.unknown_484: 484>, <MessageType.monitoring_info: 103>, <MessageType.unknown_24: 24>, <MessageType.monitoring: 55>, <UnknownMessageType.unknown_211: 211>, <MessageType.ohr_settings: 188>, <MessageType.event: 21>, <MessageType.stress_level: 227>, <MessageType.respiration: 297>, <UnknownMessageType.unknown_279: 279>, <MessageType.unknown_233: 233>, <UnknownMessageType.unknown_407: 407>, <UnknownMessageType.unknown_408: 408>]
INFO:root:Importing /home/kellen/.HealthData/FitFiles/Monitoring/2026/468403032315_WELLNESS.fit (2026-08-08 12:29:00) [FileType.monitoring_b] with message types: [<MessageType.file_id: 0>, <MessageType.device_info: 23>, <MessageType.software: 35>, <UnknownMessageType.unknown_355: 355>, <UnknownMessageType.unknown_484: 484>, <MessageType.monitoring_info: 103>, <MessageType.unknown_24: 24>, <MessageType.monitoring: 55>, <UnknownMessageType.unknown_211: 211>, <MessageType.ohr_settings: 188>, <MessageType.event: 21>, <MessageType.unknown_233: 233>, <MessageType.stress_level: 227>, <MessageType.respiration: 297>, <UnknownMessageType.unknown_279: 279>]
INFO:root:Importing /home/kellen/.HealthData/FitFiles/Monitoring/2026/468458393617_WELLNESS.fit (2026-08-08 16:17:00) [FileType.monitoring_b] with message types: [<MessageType.file_id: 0>, <MessageType.device_info: 23>, <MessageType.software: 35>, <UnknownMessageType.unknown_355: 355>, <UnknownMessageType.unknown_484: 484>, <MessageType.monitoring_info: 103>, <MessageType.unknown_24: 24>, <MessageType.monitoring: 55>, <UnknownMessageType.unknown_211: 211>, <MessageType.ohr_settings: 188>, <MessageType.event: 21>, <MessageType.stress_level: 227>, <MessageType.respiration: 297>, <UnknownMessageType.unknown_279: 279>, <MessageType.unknown_233: 233>, <UnknownMessageType.unknown_408: 408>]
INFO:root:skipping non-matching File(<FileType.metrics: 44> /home/kellen/.HealthData/FitFiles/Monitoring/2026/469336417178_METRICS.fit FileType.metrics [<MessageType.file_id: 0>, <MessageType.file_creator: 49>, <MessageType.device_info: 23>, <MessageType.local_time: 241>, <UnknownMessageType.unknown_281: 281>] dev fields {})
INFO:root:Importing /home/kellen/.HealthData/FitFiles/Monitoring/2026/470123667045_WELLNESS.fit (2026-08-13 03:38:00) [FileType.monitoring_b] with message types: [<MessageType.file_id: 0>, <MessageType.device_info: 23>, <MessageType.software: 35>, <UnknownMessageType.unknown_355: 355>, <UnknownMessageType.unknown_484: 484>, <MessageType.monitoring_info: 103>, <MessageType.unknown_24: 24>, <MessageType.monitoring: 55>, <UnknownMessageType.unknown_211: 211>, <MessageType.ohr_settings: 188>, <MessageType.event: 21>, <MessageType.stress_level: 227>, <MessageType.respiration: 297>, <MessageType.unknown_233: 233>, <UnknownMessageType.unknown_408: 408>, <UnknownMessageType.unknown_279: 279>]
INFO:root:Importing /home/kellen/.HealthData/FitFiles/Monitoring/2026/469028564609_WELLNESS.fit (2026-08-10 06:24:00) [FileType.monitoring_b] with message types: [<MessageType.file_id: 0>, <MessageType.device_info: 23>, <MessageType.software: 35>, <UnknownMessageType.unknown_355: 355>, <UnknownMessageType.unknown_484: 484>, <MessageType.monitoring_info: 103>, <MessageType.unknown_24: 24>, <MessageType.monitoring: 55>, <UnknownMessageType.unknown_211: 211>, <MessageType.ohr_settings: 188>, <MessageType.event: 21>, <UnknownMessageType.unknown_407: 407>, <UnknownMessageType.unknown_408: 408>, <MessageType.stress_level: 227>, <MessageType.respiration: 297>, <MessageType.unknown_233: 233>, <UnknownMessageType.unknown_279: 279>]
INFO:root:Importing /home/kellen/.HealthData/FitFiles/Monitoring/2026/468319143686_WELLNESS.fit (2026-08-08 07:25:00) [FileType.monitoring_b] with message types: [<MessageType.file_id: 0>, <MessageType.device_info: 23>, <MessageType.software: 35>, <UnknownMessageType.unknown_355: 355>, <UnknownMessageType.unknown_484: 484>, <MessageType.monitoring_info: 103>, <MessageType.unknown_24: 24>, <MessageType.monitoring: 55>, <UnknownMessageType.unknown_211: 211>, <MessageType.ohr_settings: 188>, <MessageType.event: 21>, <MessageType.unknown_233: 233>, <UnknownMessageType.unknown_408: 408>, <MessageType.stress_level: 227>, <MessageType.respiration: 297>, <UnknownMessageType.unknown_279: 279>]
INFO:root:Importing /home/kellen/.HealthData/FitFiles/Monitoring/2026/469157026553_WELLNESS.fit (2026-08-10 14:26:00) [FileType.monitoring_b] with message types: [<MessageType.file_id: 0>, <MessageType.device_info: 23>, <MessageType.software: 35>, <UnknownMessageType.unknown_355: 355>, <UnknownMessageType.unknown_484: 484>, <MessageType.monitoring_info: 103>, <MessageType.unknown_24: 24>, <MessageType.monitoring: 55>, <UnknownMessageType.unknown_211: 211>, <MessageType.ohr_settings: 188>, <MessageType.event: 21>, <MessageType.stress_level: 227>, <MessageType.respiration: 297>, <MessageType.unknown_233: 233>, <UnknownMessageType.unknown_279: 279>]
INFO:root:Importing /home/kellen/.HealthData/FitFiles/Monitoring/2026/469388207080_WELLNESS.fit (2026-08-11 00:00:00) [FileType.monitoring_b] with message types: [<MessageType.file_id: 0>, <MessageType.device_info: 23>, <MessageType.software: 35>, <UnknownMessageType.unknown_355: 355>, <UnknownMessageType.unknown_484: 484>, <MessageType.monitoring_info: 103>, <MessageType.unknown_24: 24>, <MessageType.monitoring: 55>, <MessageType.ohr_settings: 188>, <MessageType.event: 21>, <MessageType.unknown_233: 233>, <MessageType.stress_level: 227>, <MessageType.respiration: 297>, <UnknownMessageType.unknown_279: 279>, <UnknownMessageType.unknown_211: 211>]
INFO:root:Importing /home/kellen/.HealthData/FitFiles/Monitoring/2026/468001154778_WELLNESS.fit (2026-08-07 10:21:00) [FileType.monitoring_b] with message types: [<MessageType.file_id: 0>, <MessageType.device_info: 23>, <MessageType.software: 35>, <UnknownMessageType.unknown_355: 355>, <UnknownMessageType.unknown_484: 484>, <MessageType.monitoring_info: 103>, <MessageType.unknown_24: 24>, <MessageType.monitoring: 55>, <UnknownMessageType.unknown_211: 211>, <MessageType.ohr_settings: 188>, <MessageType.event: 21>, <UnknownMessageType.unknown_408: 408>, <MessageType.stress_level: 227>, <MessageType.respiration: 297>, <UnknownMessageType.unknown_279: 279>, <MessageType.unknown_233: 233>]
INFO:root:skipping non-matching File(<UnknownEnumValue.UnknownEnumValue_79: 79> /home/kellen/.HealthData/FitFiles/Monitoring/2026/470123678308_SLEEP_DISRUPTIONS.fit <UnknownEnumValue.UnknownEnumValue_79: 79> [<MessageType.file_id: 0>, <MessageType.file_creator: 49>, <MessageType.device_info: 23>, <MessageType.timestamp_correlation: 162>, <UnknownMessageType.unknown_471: 471>, <UnknownMessageType.unknown_470: 470>] dev fields {})
INFO:root:skipping non-matching File(<FileType.hrv_status: 68> /home/kellen/.HealthData/FitFiles/Monitoring/2026/467997094445_HRV_STATUS.fit FileType.hrv_status [<MessageType.file_id: 0>, <MessageType.file_creator: 49>, <MessageType.device_info: 23>, <MessageType.source: 22>, <MessageType.timestamp_correlation: 162>, <MessageType.hrv_value: 371>, <MessageType.hrv_status_summary: 370>] dev fields {})
INFO:root:skipping non-matching File(<FileType.metrics: 44> /home/kellen/.HealthData/FitFiles/Monitoring/2026/468547671598_METRICS.fit FileType.metrics [<MessageType.file_id: 0>, <MessageType.file_creator: 49>, <MessageType.device_info: 23>, <MessageType.local_time: 241>, <UnknownMessageType.unknown_281: 281>] dev fields {})
INFO:root:skipping non-matching File(<UnknownEnumValue.UnknownEnumValue_79: 79> /home/kellen/.HealthData/FitFiles/Monitoring/2026/467997124681_SLEEP_DISRUPTIONS.fit <UnknownEnumValue.UnknownEnumValue_79: 79> [<MessageType.file_id: 0>, <MessageType.file_creator: 49>, <MessageType.device_info: 23>, <MessageType.timestamp_correlation: 162>, <UnknownMessageType.unknown_471: 471>, <UnknownMessageType.unknown_470: 470>] dev fields {})
INFO:root:Importing /home/kellen/.HealthData/FitFiles/Monitoring/2026/470313363898_WELLNESS.fit (2026-08-13 17:54:00) [FileType.monitoring_b] with message types: [<MessageType.file_id: 0>, <MessageType.device_info: 23>, <MessageType.software: 35>, <UnknownMessageType.unknown_355: 355>, <UnknownMessageType.unknown_484: 484>, <MessageType.monitoring_info: 103>, <MessageType.unknown_24: 24>, <MessageType.monitoring: 55>, <UnknownMessageType.unknown_211: 211>, <MessageType.ohr_settings: 188>, <MessageType.event: 21>, <MessageType.unknown_233: 233>, <MessageType.stress_level: 227>, <MessageType.respiration: 297>, <UnknownMessageType.unknown_408: 408>, <UnknownMessageType.unknown_279: 279>]
INFO:root:skipping non-matching File(<FileType.metrics: 44> /home/kellen/.HealthData/FitFiles/Monitoring/2026/469652745076_METRICS.fit FileType.metrics [<MessageType.file_id: 0>, <MessageType.file_creator: 49>, <MessageType.device_info: 23>, <MessageType.local_time: 241>, <UnknownMessageType.unknown_281: 281>, <UnknownMessageType.unknown_339: 339>] dev fields {})
INFO:root:skipping non-matching File(<FileType.metrics: 44> /home/kellen/.HealthData/FitFiles/Monitoring/2026/468061560435_METRICS.fit FileType.metrics [<MessageType.file_id: 0>, <MessageType.file_creator: 49>, <MessageType.device_info: 23>, <MessageType.local_time: 241>, <UnknownMessageType.unknown_357: 357>, <MessageType.unknown_284: 284>, <UnknownMessageType.unknown_229: 229>, <UnknownMessageType.unknown_294: 294>, <UnknownMessageType.unknown_232: 232>, <UnknownMessageType.unknown_378: 378>, <UnknownMessageType.unknown_402: 402>, <UnknownMessageType.unknown_403: 403>, <UnknownMessageType.unknown_404: 404>, <UnknownMessageType.unknown_369: 369>, <UnknownMessageType.unknown_281: 281>, <UnknownMessageType.unknown_339: 339>, <UnknownMessageType.unknown_356: 356>, <UnknownMessageType.unknown_410: 410>, <UnknownMessageType.unknown_430: 430>] dev fields {})
INFO:root:skipping non-matching File(<FileType.metrics: 44> /home/kellen/.HealthData/FitFiles/Monitoring/2026/469540518915_METRICS.fit FileType.metrics [<MessageType.file_id: 0>, <MessageType.file_creator: 49>, <MessageType.device_info: 23>, <MessageType.local_time: 241>, <UnknownMessageType.unknown_357: 357>, <MessageType.unknown_284: 284>, <UnknownMessageType.unknown_229: 229>, <UnknownMessageType.unknown_294: 294>, <UnknownMessageType.unknown_232: 232>, <UnknownMessageType.unknown_378: 378>, <UnknownMessageType.unknown_402: 402>, <UnknownMessageType.unknown_403: 403>, <UnknownMessageType.unknown_404: 404>, <UnknownMessageType.unknown_369: 369>, <UnknownMessageType.unknown_281: 281>, <UnknownMessageType.unknown_339: 339>, <UnknownMessageType.unknown_356: 356>, <UnknownMessageType.unknown_410: 410>, <UnknownMessageType.unknown_430: 430>] dev fields {})
ERROR:/home/kellen/.cache/uv/environments-v2/garmindb-cli-b174125ee89b7976/lib/python3.12/site-packages/garmindb/fit_data.py:Failed to parse /home/kellen/.HealthData/FitFiles/Monitoring/2026/468397605416_METRICS.fit: Failed to parse Message DataMessage(<UnknownMessageType.unknown_493: 493>: []): unpack requires a buffer of 16 bytes
ERROR:root:Failed to parse /home/kellen/.HealthData/FitFiles/Monitoring/2026/468397605416_METRICS.fit: Failed to parse Message DataMessage(<UnknownMessageType.unknown_493: 493>: []): unpack requires a buffer of 16 bytes - Traceback (most recent call last):
  File "/home/kellen/.cache/uv/environments-v2/garmindb-cli-b174125ee89b7976/lib/python3.12/site-packages/fitfile/data_message.py", line 68, in __init__
    data_field = DataField(fit_file, definition_message, definition_message.field_definitions[index], measurement_system)
                 ^^^^^^^^^^^^^^^^^^^^^^^^^^^^^^^^^^^^^^^^^^^^^^^^^^^^^^^^^^^^^^^^^^^^^^^^^^^^^^^^^^^^^^^^^^^^^^^^^^^^^^^^
  File "/home/kellen/.cache/uv/environments-v2/garmindb-cli-b174125ee89b7976/lib/python3.12/site-packages/fitfile/data_field.py", line 26, in __init__
    super().__init__(file, schema, None, definition_message.endian)
  File "/home/kellen/.cache/uv/environments-v2/garmindb-cli-b174125ee89b7976/lib/python3.12/site-packages/fitfile/data.py", line 102, in __init__
    self.decode_all()
  File "/home/kellen/.cache/uv/environments-v2/garmindb-cli-b174125ee89b7976/lib/python3.12/site-packages/fitfile/data.py", line 114, in decode_all
    self._decode(self.primary_schema)
  File "/home/kellen/.cache/uv/environments-v2/garmindb-cli-b174125ee89b7976/lib/python3.12/site-packages/fitfile/data.py", line 109, in _decode
    bytes = struct.unpack(unpack_format, self.file.read(file_size))
            ^^^^^^^^^^^^^^^^^^^^^^^^^^^^^^^^^^^^^^^^^^^^^^^^^^^^^^^
struct.error: unpack requires a buffer of 16 bytes

During handling of the above exception, another exception occurred:

Traceback (most recent call last):
  File "/home/kellen/.cache/uv/environments-v2/garmindb-cli-b174125ee89b7976/lib/python3.12/site-packages/garmindb/fit_data.py", line 51, in process_files
    fit_file = fitfile.file.File(file_name, self.measurement_system)
               ^^^^^^^^^^^^^^^^^^^^^^^^^^^^^^^^^^^^^^^^^^^^^^^^^^^^^
  File "/home/kellen/.cache/uv/environments-v2/garmindb-cli-b174125ee89b7976/lib/python3.12/site-packages/fitfile/file.py", line 46, in __init__
    self.__parse(file)
  File "/home/kellen/.cache/uv/environments-v2/garmindb-cli-b174125ee89b7976/lib/python3.12/site-packages/fitfile/file.py", line 71, in __parse
    data_message = DataMessage(definition_message, file, self.measurement_system, data_message_context)
                   ^^^^^^^^^^^^^^^^^^^^^^^^^^^^^^^^^^^^^^^^^^^^^^^^^^^^^^^^^^^^^^^^^^^^^^^^^^^^^^^^^^^^
  File "/home/kellen/.cache/uv/environments-v2/garmindb-cli-b174125ee89b7976/lib/python3.12/site-packages/fitfile/data_message.py", line 70, in __init__
    raise FitMessageParse(self, e)
fitfile.exceptions.exceptions.FitMessageParse: Failed to parse Message DataMessage(<UnknownMessageType.unknown_493: 493>: []): unpack requires a buffer of 16 bytes

ERROR:/home/kellen/.cache/uv/environments-v2/garmindb-cli-b174125ee89b7976/lib/python3.12/site-packages/garmindb/fit_data.py:Failed to parse /home/kellen/.HealthData/FitFiles/Monitoring/2026/469899356642_METRICS.fit: Failed to parse Message DataMessage(<UnknownMessageType.unknown_493: 493>: []): unpack requires a buffer of 16 bytes
ERROR:root:Failed to parse /home/kellen/.HealthData/FitFiles/Monitoring/2026/469899356642_METRICS.fit: Failed to parse Message DataMessage(<UnknownMessageType.unknown_493: 493>: []): unpack requires a buffer of 16 bytes - Traceback (most recent call last):
  File "/home/kellen/.cache/uv/environments-v2/garmindb-cli-b174125ee89b7976/lib/python3.12/site-packages/fitfile/data_message.py", line 68, in __init__
    data_field = DataField(fit_file, definition_message, definition_message.field_definitions[index], measurement_system)
                 ^^^^^^^^^^^^^^^^^^^^^^^^^^^^^^^^^^^^^^^^^^^^^^^^^^^^^^^^^^^^^^^^^^^^^^^^^^^^^^^^^^^^^^^^^^^^^^^^^^^^^^^^
  File "/home/kellen/.cache/uv/environments-v2/garmindb-cli-b174125ee89b7976/lib/python3.12/site-packages/fitfile/data_field.py", line 26, in __init__
    super().__init__(file, schema, None, definition_message.endian)
  File "/home/kellen/.cache/uv/environments-v2/garmindb-cli-b174125ee89b7976/lib/python3.12/site-packages/fitfile/data.py", line 102, in __init__
    self.decode_all()
  File "/home/kellen/.cache/uv/environments-v2/garmindb-cli-b174125ee89b7976/lib/python3.12/site-packages/fitfile/data.py", line 114, in decode_all
    self._decode(self.primary_schema)
  File "/home/kellen/.cache/uv/environments-v2/garmindb-cli-b174125ee89b7976/lib/python3.12/site-packages/fitfile/data.py", line 109, in _decode
    bytes = struct.unpack(unpack_format, self.file.read(file_size))
            ^^^^^^^^^^^^^^^^^^^^^^^^^^^^^^^^^^^^^^^^^^^^^^^^^^^^^^^
struct.error: unpack requires a buffer of 16 bytes

During handling of the above exception, another exception occurred:

Traceback (most recent call last):
  File "/home/kellen/.cache/uv/environments-v2/garmindb-cli-b174125ee89b7976/lib/python3.12/site-packages/garmindb/fit_data.py", line 51, in process_files
    fit_file = fitfile.file.File(file_name, self.measurement_system)
               ^^^^^^^^^^^^^^^^^^^^^^^^^^^^^^^^^^^^^^^^^^^^^^^^^^^^^
  File "/home/kellen/.cache/uv/environments-v2/garmindb-cli-b174125ee89b7976/lib/python3.12/site-packages/fitfile/file.py", line 46, in __init__
    self.__parse(file)
  File "/home/kellen/.cache/uv/environments-v2/garmindb-cli-b174125ee89b7976/lib/python3.12/site-packages/fitfile/file.py", line 71, in __parse
    data_message = DataMessage(definition_message, file, self.measurement_system, data_message_context)
                   ^^^^^^^^^^^^^^^^^^^^^^^^^^^^^^^^^^^^^^^^^^^^^^^^^^^^^^^^^^^^^^^^^^^^^^^^^^^^^^^^^^^^
  File "/home/kellen/.cache/uv/environments-v2/garmindb-cli-b174125ee89b7976/lib/python3.12/site-packages/fitfile/data_message.py", line 70, in __init__
    raise FitMessageParse(self, e)
fitfile.exceptions.exceptions.FitMessageParse: Failed to parse Message DataMessage(<UnknownMessageType.unknown_493: 493>: []): unpack requires a buffer of 16 bytes

INFO:root:Importing /home/kellen/.HealthData/FitFiles/Monitoring/2026/468314843124_WELLNESS.fit (2026-08-08 06:55:00) [FileType.monitoring_b] with message types: [<MessageType.file_id: 0>, <MessageType.device_info: 23>, <MessageType.software: 35>, <UnknownMessageType.unknown_355: 355>, <UnknownMessageType.unknown_484: 484>, <MessageType.monitoring_info: 103>, <MessageType.unknown_24: 24>, <MessageType.monitoring: 55>, <UnknownMessageType.unknown_211: 211>, <MessageType.ohr_settings: 188>, <MessageType.event: 21>, <MessageType.unknown_233: 233>, <UnknownMessageType.unknown_408: 408>, <MessageType.stress_level: 227>, <MessageType.respiration: 297>, <UnknownMessageType.unknown_279: 279>]
INFO:root:Importing /home/kellen/.HealthData/FitFiles/Monitoring/2026/469899365762_WELLNESS.fit (2026-08-12 12:12:00) [FileType.monitoring_b] with message types: [<MessageType.file_id: 0>, <MessageType.device_info: 23>, <MessageType.software: 35>, <UnknownMessageType.unknown_355: 355>, <UnknownMessageType.unknown_484: 484>, <MessageType.monitoring_info: 103>, <MessageType.unknown_24: 24>, <MessageType.monitoring: 55>, <UnknownMessageType.unknown_211: 211>, <MessageType.ohr_settings: 188>, <MessageType.event: 21>, <MessageType.stress_level: 227>, <MessageType.respiration: 297>, <MessageType.unknown_233: 233>, <UnknownMessageType.unknown_408: 408>, <UnknownMessageType.unknown_279: 279>, <UnknownMessageType.unknown_407: 407>]
INFO:root:skipping non-matching File(<FileType.metrics: 44> /home/kellen/.HealthData/FitFiles/Monitoring/2026/470219357872_METRICS.fit FileType.metrics [<MessageType.file_id: 0>, <MessageType.file_creator: 49>, <MessageType.device_info: 23>, <MessageType.local_time: 241>, <UnknownMessageType.unknown_369: 369>] dev fields {})
INFO:root:Importing /home/kellen/.HealthData/FitFiles/Monitoring/2026/468913366037_WELLNESS.fit (2026-08-10 00:00:00) [FileType.monitoring_b] with message types: [<MessageType.file_id: 0>, <MessageType.device_info: 23>, <MessageType.software: 35>, <UnknownMessageType.unknown_355: 355>, <UnknownMessageType.unknown_484: 484>, <MessageType.monitoring_info: 103>, <MessageType.unknown_24: 24>, <MessageType.monitoring: 55>, <MessageType.ohr_settings: 188>, <MessageType.event: 21>, <MessageType.unknown_233: 233>, <MessageType.stress_level: 227>, <MessageType.respiration: 297>, <UnknownMessageType.unknown_279: 279>, <UnknownMessageType.unknown_211: 211>]
INFO:root:skipping non-matching File(<FileType.metrics: 44> /home/kellen/.HealthData/FitFiles/Monitoring/2026/468185176257_METRICS.fit FileType.metrics [<MessageType.file_id: 0>, <MessageType.file_creator: 49>, <MessageType.device_info: 23>, <MessageType.local_time: 241>, <UnknownMessageType.unknown_281: 281>, <UnknownMessageType.unknown_339: 339>] dev fields {})
ERROR:/home/kellen/.cache/uv/environments-v2/garmindb-cli-b174125ee89b7976/lib/python3.12/site-packages/garmindb/fit_data.py:Failed to parse /home/kellen/.HealthData/FitFiles/Monitoring/2026/469547733315_METRICS.fit: Failed to parse Message DataMessage(<UnknownMessageType.unknown_493: 493>: []): unpack requires a buffer of 16 bytes
ERROR:root:Failed to parse /home/kellen/.HealthData/FitFiles/Monitoring/2026/469547733315_METRICS.fit: Failed to parse Message DataMessage(<UnknownMessageType.unknown_493: 493>: []): unpack requires a buffer of 16 bytes - Traceback (most recent call last):
  File "/home/kellen/.cache/uv/environments-v2/garmindb-cli-b174125ee89b7976/lib/python3.12/site-packages/fitfile/data_message.py", line 68, in __init__
    data_field = DataField(fit_file, definition_message, definition_message.field_definitions[index], measurement_system)
                 ^^^^^^^^^^^^^^^^^^^^^^^^^^^^^^^^^^^^^^^^^^^^^^^^^^^^^^^^^^^^^^^^^^^^^^^^^^^^^^^^^^^^^^^^^^^^^^^^^^^^^^^^
  File "/home/kellen/.cache/uv/environments-v2/garmindb-cli-b174125ee89b7976/lib/python3.12/site-packages/fitfile/data_field.py", line 26, in __init__
    super().__init__(file, schema, None, definition_message.endian)
  File "/home/kellen/.cache/uv/environments-v2/garmindb-cli-b174125ee89b7976/lib/python3.12/site-packages/fitfile/data.py", line 102, in __init__
    self.decode_all()
  File "/home/kellen/.cache/uv/environments-v2/garmindb-cli-b174125ee89b7976/lib/python3.12/site-packages/fitfile/data.py", line 114, in decode_all
    self._decode(self.primary_schema)
  File "/home/kellen/.cache/uv/environments-v2/garmindb-cli-b174125ee89b7976/lib/python3.12/site-packages/fitfile/data.py", line 109, in _decode
    bytes = struct.unpack(unpack_format, self.file.read(file_size))
            ^^^^^^^^^^^^^^^^^^^^^^^^^^^^^^^^^^^^^^^^^^^^^^^^^^^^^^^
struct.error: unpack requires a buffer of 16 bytes

During handling of the above exception, another exception occurred:

Traceback (most recent call last):
  File "/home/kellen/.cache/uv/environments-v2/garmindb-cli-b174125ee89b7976/lib/python3.12/site-packages/garmindb/fit_data.py", line 51, in process_files
    fit_file = fitfile.file.File(file_name, self.measurement_system)
               ^^^^^^^^^^^^^^^^^^^^^^^^^^^^^^^^^^^^^^^^^^^^^^^^^^^^^
  File "/home/kellen/.cache/uv/environments-v2/garmindb-cli-b174125ee89b7976/lib/python3.12/site-packages/fitfile/file.py", line 46, in __init__
    self.__parse(file)
  File "/home/kellen/.cache/uv/environments-v2/garmindb-cli-b174125ee89b7976/lib/python3.12/site-packages/fitfile/file.py", line 71, in __parse
    data_message = DataMessage(definition_message, file, self.measurement_system, data_message_context)
                   ^^^^^^^^^^^^^^^^^^^^^^^^^^^^^^^^^^^^^^^^^^^^^^^^^^^^^^^^^^^^^^^^^^^^^^^^^^^^^^^^^^^^
  File "/home/kellen/.cache/uv/environments-v2/garmindb-cli-b174125ee89b7976/lib/python3.12/site-packages/fitfile/data_message.py", line 70, in __init__
    raise FitMessageParse(self, e)
fitfile.exceptions.exceptions.FitMessageParse: Failed to parse Message DataMessage(<UnknownMessageType.unknown_493: 493>: []): unpack requires a buffer of 16 bytes

INFO:root:Importing /home/kellen/.HealthData/FitFiles/Monitoring/2026/468735104565_WELLNESS.fit (2026-08-09 08:30:00) [FileType.monitoring_b] with message types: [<MessageType.file_id: 0>, <MessageType.device_info: 23>, <MessageType.software: 35>, <UnknownMessageType.unknown_355: 355>, <UnknownMessageType.unknown_484: 484>, <MessageType.monitoring_info: 103>, <MessageType.unknown_24: 24>, <MessageType.monitoring: 55>, <UnknownMessageType.unknown_211: 211>, <MessageType.ohr_settings: 188>, <MessageType.event: 21>, <MessageType.stress_level: 227>, <MessageType.respiration: 297>, <MessageType.unknown_233: 233>, <UnknownMessageType.unknown_279: 279>, <UnknownMessageType.unknown_408: 408>]
INFO:root:Importing /home/kellen/.HealthData/FitFiles/Monitoring/2026/469165055232_WELLNESS.fit (2026-08-10 15:22:00) [FileType.monitoring_b] with message types: [<MessageType.file_id: 0>, <MessageType.device_info: 23>, <MessageType.software: 35>, <UnknownMessageType.unknown_355: 355>, <UnknownMessageType.unknown_484: 484>, <MessageType.monitoring_info: 103>, <MessageType.unknown_24: 24>, <MessageType.monitoring: 55>, <UnknownMessageType.unknown_211: 211>, <MessageType.ohr_settings: 188>, <MessageType.event: 21>, <MessageType.stress_level: 227>, <MessageType.respiration: 297>, <MessageType.unknown_233: 233>, <UnknownMessageType.unknown_279: 279>]
INFO:root:Importing /home/kellen/.HealthData/FitFiles/Monitoring/2026/469026514275_WELLNESS.fit (2026-08-10 00:13:00) [FileType.monitoring_b] with message types: [<MessageType.file_id: 0>, <MessageType.device_info: 23>, <MessageType.software: 35>, <UnknownMessageType.unknown_355: 355>, <UnknownMessageType.unknown_484: 484>, <MessageType.monitoring_info: 103>, <MessageType.unknown_24: 24>, <MessageType.monitoring: 55>, <UnknownMessageType.unknown_211: 211>, <MessageType.ohr_settings: 188>, <MessageType.event: 21>, <MessageType.stress_level: 227>, <MessageType.respiration: 297>, <UnknownMessageType.unknown_279: 279>, <MessageType.unknown_233: 233>, <UnknownMessageType.unknown_408: 408>]
ERROR:/home/kellen/.cache/uv/environments-v2/garmindb-cli-b174125ee89b7976/lib/python3.12/site-packages/garmindb/fit_data.py:Failed to parse /home/kellen/.HealthData/FitFiles/Monitoring/2026/469336490399_METRICS.fit: Failed to parse Message DataMessage(<UnknownMessageType.unknown_493: 493>: []): unpack requires a buffer of 16 bytes
ERROR:root:Failed to parse /home/kellen/.HealthData/FitFiles/Monitoring/2026/469336490399_METRICS.fit: Failed to parse Message DataMessage(<UnknownMessageType.unknown_493: 493>: []): unpack requires a buffer of 16 bytes - Traceback (most recent call last):
  File "/home/kellen/.cache/uv/environments-v2/garmindb-cli-b174125ee89b7976/lib/python3.12/site-packages/fitfile/data_message.py", line 68, in __init__
    data_field = DataField(fit_file, definition_message, definition_message.field_definitions[index], measurement_system)
                 ^^^^^^^^^^^^^^^^^^^^^^^^^^^^^^^^^^^^^^^^^^^^^^^^^^^^^^^^^^^^^^^^^^^^^^^^^^^^^^^^^^^^^^^^^^^^^^^^^^^^^^^^
  File "/home/kellen/.cache/uv/environments-v2/garmindb-cli-b174125ee89b7976/lib/python3.12/site-packages/fitfile/data_field.py", line 26, in __init__
    super().__init__(file, schema, None, definition_message.endian)
  File "/home/kellen/.cache/uv/environments-v2/garmindb-cli-b174125ee89b7976/lib/python3.12/site-packages/fitfile/data.py", line 102, in __init__
    self.decode_all()
  File "/home/kellen/.cache/uv/environments-v2/garmindb-cli-b174125ee89b7976/lib/python3.12/site-packages/fitfile/data.py", line 114, in decode_all
    self._decode(self.primary_schema)
  File "/home/kellen/.cache/uv/environments-v2/garmindb-cli-b174125ee89b7976/lib/python3.12/site-packages/fitfile/data.py", line 109, in _decode
    bytes = struct.unpack(unpack_format, self.file.read(file_size))
            ^^^^^^^^^^^^^^^^^^^^^^^^^^^^^^^^^^^^^^^^^^^^^^^^^^^^^^^
struct.error: unpack requires a buffer of 16 bytes

During handling of the above exception, another exception occurred:

Traceback (most recent call last):
  File "/home/kellen/.cache/uv/environments-v2/garmindb-cli-b174125ee89b7976/lib/python3.12/site-packages/garmindb/fit_data.py", line 51, in process_files
    fit_file = fitfile.file.File(file_name, self.measurement_system)
               ^^^^^^^^^^^^^^^^^^^^^^^^^^^^^^^^^^^^^^^^^^^^^^^^^^^^^
  File "/home/kellen/.cache/uv/environments-v2/garmindb-cli-b174125ee89b7976/lib/python3.12/site-packages/fitfile/file.py", line 46, in __init__
    self.__parse(file)
  File "/home/kellen/.cache/uv/environments-v2/garmindb-cli-b174125ee89b7976/lib/python3.12/site-packages/fitfile/file.py", line 71, in __parse
    data_message = DataMessage(definition_message, file, self.measurement_system, data_message_context)
                   ^^^^^^^^^^^^^^^^^^^^^^^^^^^^^^^^^^^^^^^^^^^^^^^^^^^^^^^^^^^^^^^^^^^^^^^^^^^^^^^^^^^^
  File "/home/kellen/.cache/uv/environments-v2/garmindb-cli-b174125ee89b7976/lib/python3.12/site-packages/fitfile/data_message.py", line 70, in __init__
    raise FitMessageParse(self, e)
fitfile.exceptions.exceptions.FitMessageParse: Failed to parse Message DataMessage(<UnknownMessageType.unknown_493: 493>: []): unpack requires a buffer of 16 bytes

INFO:root:skipping non-matching File(<FileType.metrics: 44> /home/kellen/.HealthData/FitFiles/Monitoring/2026/468539223528_METRICS.fit FileType.metrics [<MessageType.file_id: 0>, <MessageType.file_creator: 49>, <MessageType.device_info: 23>, <MessageType.local_time: 241>, <UnknownMessageType.unknown_369: 369>] dev fields {})
INFO:root:Importing /home/kellen/.HealthData/FitFiles/Monitoring/2026/469759296410_WELLNESS.fit (2026-08-12 00:25:00) [FileType.monitoring_b] with message types: [<MessageType.file_id: 0>, <MessageType.device_info: 23>, <MessageType.software: 35>, <UnknownMessageType.unknown_355: 355>, <UnknownMessageType.unknown_484: 484>, <MessageType.monitoring_info: 103>, <MessageType.unknown_24: 24>, <MessageType.monitoring: 55>, <UnknownMessageType.unknown_211: 211>, <MessageType.ohr_settings: 188>, <MessageType.event: 21>, <MessageType.stress_level: 227>, <MessageType.respiration: 297>, <UnknownMessageType.unknown_279: 279>, <MessageType.unknown_233: 233>, <UnknownMessageType.unknown_408: 408>]
INFO:root:Importing /home/kellen/.HealthData/FitFiles/Monitoring/2026/468306252969_WELLNESS.fit (2026-08-08 06:47:00) [FileType.monitoring_b] with message types: [<MessageType.file_id: 0>, <MessageType.device_info: 23>, <MessageType.software: 35>, <UnknownMessageType.unknown_355: 355>, <UnknownMessageType.unknown_484: 484>, <MessageType.monitoring_info: 103>, <MessageType.unknown_24: 24>, <MessageType.monitoring: 55>, <UnknownMessageType.unknown_211: 211>, <MessageType.ohr_settings: 188>, <MessageType.event: 21>]
INFO:root:Importing /home/kellen/.HealthData/FitFiles/Monitoring/2026/470020831184_WELLNESS.fit (2026-08-12 23:38:00) [FileType.monitoring_b] with message types: [<MessageType.file_id: 0>, <MessageType.device_info: 23>, <MessageType.software: 35>, <UnknownMessageType.unknown_355: 355>, <UnknownMessageType.unknown_484: 484>, <MessageType.monitoring_info: 103>, <MessageType.unknown_24: 24>, <MessageType.monitoring: 55>, <UnknownMessageType.unknown_211: 211>, <MessageType.ohr_settings: 188>, <MessageType.event: 21>, <MessageType.stress_level: 227>, <MessageType.respiration: 297>, <MessageType.unknown_233: 233>, <UnknownMessageType.unknown_408: 408>, <UnknownMessageType.unknown_279: 279>]
INFO:root:skipping non-matching File(<FileType.metrics: 44> /home/kellen/.HealthData/FitFiles/Monitoring/2026/469886156847_METRICS.fit FileType.metrics [<MessageType.file_id: 0>, <MessageType.file_creator: 49>, <MessageType.device_info: 23>, <MessageType.local_time: 241>, <UnknownMessageType.unknown_357: 357>, <MessageType.unknown_284: 284>, <UnknownMessageType.unknown_229: 229>, <UnknownMessageType.unknown_294: 294>, <UnknownMessageType.unknown_232: 232>, <UnknownMessageType.unknown_378: 378>, <UnknownMessageType.unknown_402: 402>, <UnknownMessageType.unknown_403: 403>, <UnknownMessageType.unknown_404: 404>, <UnknownMessageType.unknown_369: 369>, <UnknownMessageType.unknown_281: 281>, <UnknownMessageType.unknown_339: 339>, <UnknownMessageType.unknown_356: 356>, <UnknownMessageType.unknown_410: 410>, <UnknownMessageType.unknown_430: 430>] dev fields {})
INFO:root:Importing /home/kellen/.HealthData/FitFiles/Monitoring/2026/470187373659_WELLNESS.fit (2026-08-13 06:03:00) [FileType.monitoring_b] with message types: [<MessageType.file_id: 0>, <MessageType.device_info: 23>, <MessageType.software: 35>, <UnknownMessageType.unknown_355: 355>, <UnknownMessageType.unknown_484: 484>, <MessageType.monitoring_info: 103>, <MessageType.unknown_24: 24>, <MessageType.monitoring: 55>, <UnknownMessageType.unknown_211: 211>, <MessageType.ohr_settings: 188>, <MessageType.event: 21>, <UnknownMessageType.unknown_407: 407>, <UnknownMessageType.unknown_408: 408>, <MessageType.stress_level: 227>, <MessageType.respiration: 297>, <UnknownMessageType.unknown_279: 279>, <MessageType.unknown_233: 233>]
INFO:root:Importing /home/kellen/.HealthData/FitFiles/Monitoring/2026/469087895387_WELLNESS.fit (2026-08-10 06:32:00) [FileType.monitoring_b] with message types: [<MessageType.file_id: 0>, <MessageType.device_info: 23>, <MessageType.software: 35>, <UnknownMessageType.unknown_355: 355>, <UnknownMessageType.unknown_484: 484>, <MessageType.monitoring_info: 103>, <MessageType.unknown_24: 24>, <MessageType.monitoring: 55>, <UnknownMessageType.unknown_211: 211>, <MessageType.ohr_settings: 188>, <MessageType.event: 21>, <MessageType.stress_level: 227>, <MessageType.respiration: 297>, <MessageType.unknown_233: 233>, <UnknownMessageType.unknown_279: 279>, <UnknownMessageType.unknown_408: 408>]
INFO:root:Importing /home/kellen/.HealthData/FitFiles/Monitoring/2026/468677982909_WELLNESS.fit (2026-08-09 07:06:00) [FileType.monitoring_b] with message types: [<MessageType.file_id: 0>, <MessageType.device_info: 23>, <MessageType.software: 35>, <UnknownMessageType.unknown_355: 355>, <UnknownMessageType.unknown_484: 484>, <MessageType.monitoring_info: 103>, <MessageType.unknown_24: 24>, <MessageType.monitoring: 55>, <UnknownMessageType.unknown_211: 211>, <MessageType.ohr_settings: 188>, <MessageType.event: 21>, <MessageType.unknown_233: 233>, <MessageType.stress_level: 227>, <MessageType.respiration: 297>, <UnknownMessageType.unknown_279: 279>]
ERROR:/home/kellen/.cache/uv/environments-v2/garmindb-cli-b174125ee89b7976/lib/python3.12/site-packages/garmindb/fit_data.py:Failed to parse /home/kellen/.HealthData/FitFiles/Monitoring/2026/468810565577_METRICS.fit: Failed to parse Message DataMessage(<UnknownMessageType.unknown_493: 493>: []): unpack requires a buffer of 16 bytes
ERROR:root:Failed to parse /home/kellen/.HealthData/FitFiles/Monitoring/2026/468810565577_METRICS.fit: Failed to parse Message DataMessage(<UnknownMessageType.unknown_493: 493>: []): unpack requires a buffer of 16 bytes - Traceback (most recent call last):
  File "/home/kellen/.cache/uv/environments-v2/garmindb-cli-b174125ee89b7976/lib/python3.12/site-packages/fitfile/data_message.py", line 68, in __init__
    data_field = DataField(fit_file, definition_message, definition_message.field_definitions[index], measurement_system)
                 ^^^^^^^^^^^^^^^^^^^^^^^^^^^^^^^^^^^^^^^^^^^^^^^^^^^^^^^^^^^^^^^^^^^^^^^^^^^^^^^^^^^^^^^^^^^^^^^^^^^^^^^^
  File "/home/kellen/.cache/uv/environments-v2/garmindb-cli-b174125ee89b7976/lib/python3.12/site-packages/fitfile/data_field.py", line 26, in __init__
    super().__init__(file, schema, None, definition_message.endian)
  File "/home/kellen/.cache/uv/environments-v2/garmindb-cli-b174125ee89b7976/lib/python3.12/site-packages/fitfile/data.py", line 102, in __init__
    self.decode_all()
  File "/home/kellen/.cache/uv/environments-v2/garmindb-cli-b174125ee89b7976/lib/python3.12/site-packages/fitfile/data.py", line 114, in decode_all
    self._decode(self.primary_schema)
  File "/home/kellen/.cache/uv/environments-v2/garmindb-cli-b174125ee89b7976/lib/python3.12/site-packages/fitfile/data.py", line 109, in _decode
    bytes = struct.unpack(unpack_format, self.file.read(file_size))
            ^^^^^^^^^^^^^^^^^^^^^^^^^^^^^^^^^^^^^^^^^^^^^^^^^^^^^^^
struct.error: unpack requires a buffer of 16 bytes

During handling of the above exception, another exception occurred:

Traceback (most recent call last):
  File "/home/kellen/.cache/uv/environments-v2/garmindb-cli-b174125ee89b7976/lib/python3.12/site-packages/garmindb/fit_data.py", line 51, in process_files
    fit_file = fitfile.file.File(file_name, self.measurement_system)
               ^^^^^^^^^^^^^^^^^^^^^^^^^^^^^^^^^^^^^^^^^^^^^^^^^^^^^
  File "/home/kellen/.cache/uv/environments-v2/garmindb-cli-b174125ee89b7976/lib/python3.12/site-packages/fitfile/file.py", line 46, in __init__
    self.__parse(file)
  File "/home/kellen/.cache/uv/environments-v2/garmindb-cli-b174125ee89b7976/lib/python3.12/site-packages/fitfile/file.py", line 71, in __parse
    data_message = DataMessage(definition_message, file, self.measurement_system, data_message_context)
                   ^^^^^^^^^^^^^^^^^^^^^^^^^^^^^^^^^^^^^^^^^^^^^^^^^^^^^^^^^^^^^^^^^^^^^^^^^^^^^^^^^^^^
  File "/home/kellen/.cache/uv/environments-v2/garmindb-cli-b174125ee89b7976/lib/python3.12/site-packages/fitfile/data_message.py", line 70, in __init__
    raise FitMessageParse(self, e)
fitfile.exceptions.exceptions.FitMessageParse: Failed to parse Message DataMessage(<UnknownMessageType.unknown_493: 493>: []): unpack requires a buffer of 16 bytes

INFO:root:Importing /home/kellen/.HealthData/FitFiles/Monitoring/2026/469145422644_WELLNESS.fit (2026-08-10 10:25:00) [FileType.monitoring_b] with message types: [<MessageType.file_id: 0>, <MessageType.device_info: 23>, <MessageType.software: 35>, <UnknownMessageType.unknown_355: 355>, <UnknownMessageType.unknown_484: 484>, <MessageType.monitoring_info: 103>, <MessageType.unknown_24: 24>, <MessageType.monitoring: 55>, <UnknownMessageType.unknown_211: 211>, <MessageType.ohr_settings: 188>, <MessageType.event: 21>, <MessageType.stress_level: 227>, <MessageType.respiration: 297>, <UnknownMessageType.unknown_279: 279>, <MessageType.unknown_233: 233>, <UnknownMessageType.unknown_407: 407>, <UnknownMessageType.unknown_408: 408>]
INFO:root:skipping non-matching File(<FileType.metrics: 44> /home/kellen/.HealthData/FitFiles/Monitoring/2026/468802973490_METRICS.fit FileType.metrics [<MessageType.file_id: 0>, <MessageType.file_creator: 49>, <MessageType.device_info: 23>, <MessageType.local_time: 241>, <UnknownMessageType.unknown_357: 357>, <MessageType.unknown_284: 284>, <UnknownMessageType.unknown_229: 229>, <UnknownMessageType.unknown_294: 294>, <UnknownMessageType.unknown_232: 232>, <UnknownMessageType.unknown_378: 378>, <UnknownMessageType.unknown_402: 402>, <UnknownMessageType.unknown_403: 403>, <UnknownMessageType.unknown_404: 404>, <UnknownMessageType.unknown_369: 369>, <UnknownMessageType.unknown_281: 281>, <UnknownMessageType.unknown_339: 339>, <UnknownMessageType.unknown_356: 356>, <UnknownMessageType.unknown_410: 410>, <UnknownMessageType.unknown_430: 430>] dev fields {})
INFO:root:Importing /home/kellen/.HealthData/FitFiles/Monitoring/2026/469209605674_WELLNESS.fit (2026-08-10 18:51:00) [FileType.monitoring_b] with message types: [<MessageType.file_id: 0>, <MessageType.device_info: 23>, <MessageType.software: 35>, <UnknownMessageType.unknown_355: 355>, <UnknownMessageType.unknown_484: 484>, <MessageType.monitoring_info: 103>, <MessageType.unknown_24: 24>, <MessageType.monitoring: 55>, <UnknownMessageType.unknown_211: 211>, <MessageType.ohr_settings: 188>, <MessageType.event: 21>, <MessageType.stress_level: 227>, <MessageType.respiration: 297>, <UnknownMessageType.unknown_279: 279>, <MessageType.unknown_233: 233>]
INFO:root:Importing /home/kellen/.HealthData/FitFiles/Monitoring/2026/468000722243_WELLNESS.fit (2026-08-07 10:07:00) [FileType.monitoring_b] with message types: [<MessageType.file_id: 0>, <MessageType.device_info: 23>, <MessageType.software: 35>, <UnknownMessageType.unknown_355: 355>, <UnknownMessageType.unknown_484: 484>, <MessageType.monitoring_info: 103>, <MessageType.unknown_24: 24>, <MessageType.monitoring: 55>, <UnknownMessageType.unknown_211: 211>, <MessageType.ohr_settings: 188>, <MessageType.event: 21>, <MessageType.unknown_233: 233>, <UnknownMessageType.unknown_408: 408>, <MessageType.stress_level: 227>, <MessageType.respiration: 297>, <UnknownMessageType.unknown_279: 279>]
INFO:root:Importing /home/kellen/.HealthData/FitFiles/Monitoring/2026/468031907822_WELLNESS.fit (2026-08-07 10:23:00) [FileType.monitoring_b] with message types: [<MessageType.file_id: 0>, <MessageType.device_info: 23>, <MessageType.software: 35>, <UnknownMessageType.unknown_355: 355>, <UnknownMessageType.unknown_484: 484>, <MessageType.monitoring_info: 103>, <MessageType.unknown_24: 24>, <MessageType.monitoring: 55>, <UnknownMessageType.unknown_211: 211>, <MessageType.ohr_settings: 188>, <MessageType.event: 21>, <MessageType.unknown_233: 233>, <MessageType.stress_level: 227>, <MessageType.respiration: 297>, <UnknownMessageType.unknown_279: 279>]
INFO:root:skipping non-matching File(<FileType.metrics: 44> /home/kellen/.HealthData/FitFiles/Monitoring/2026/468306232655_METRICS.fit FileType.metrics [<MessageType.file_id: 0>, <MessageType.file_creator: 49>, <MessageType.device_info: 23>, <MessageType.local_time: 241>, <UnknownMessageType.unknown_330: 330>, <UnknownMessageType.unknown_384: 384>, <UnknownMessageType.unknown_294: 294>, <UnknownMessageType.unknown_232: 232>, <UnknownMessageType.unknown_378: 378>, <UnknownMessageType.unknown_402: 402>, <UnknownMessageType.unknown_403: 403>, <UnknownMessageType.unknown_404: 404>, <UnknownMessageType.unknown_369: 369>, <UnknownMessageType.unknown_339: 339>, <UnknownMessageType.unknown_356: 356>, <UnknownMessageType.unknown_410: 410>, <MessageType.unknown_284: 284>, <UnknownMessageType.unknown_357: 357>] dev fields {})
INFO:root:Importing /home/kellen/.HealthData/FitFiles/Monitoring/2026/470381209031_WELLNESS.fit (2026-08-13 19:17:00) [FileType.monitoring_b] with message types: [<MessageType.file_id: 0>, <MessageType.device_info: 23>, <MessageType.software: 35>, <UnknownMessageType.unknown_355: 355>, <UnknownMessageType.unknown_484: 484>, <MessageType.monitoring_info: 103>, <MessageType.unknown_24: 24>, <MessageType.monitoring: 55>, <UnknownMessageType.unknown_211: 211>, <MessageType.ohr_settings: 188>, <MessageType.event: 21>, <MessageType.unknown_233: 233>, <UnknownMessageType.unknown_408: 408>, <MessageType.stress_level: 227>, <MessageType.respiration: 297>, <UnknownMessageType.unknown_279: 279>]
INFO:root:Importing /home/kellen/.HealthData/FitFiles/Monitoring/2026/469336432687_WELLNESS.fit (2026-08-10 19:00:00) [FileType.monitoring_b] with message types: [<MessageType.file_id: 0>, <MessageType.device_info: 23>, <MessageType.software: 35>, <UnknownMessageType.unknown_355: 355>, <UnknownMessageType.unknown_484: 484>, <MessageType.monitoring_info: 103>, <MessageType.unknown_24: 24>, <MessageType.monitoring: 55>, <UnknownMessageType.unknown_211: 211>, <MessageType.ohr_settings: 188>, <MessageType.event: 21>, <MessageType.stress_level: 227>, <MessageType.respiration: 297>, <MessageType.unknown_233: 233>, <UnknownMessageType.unknown_279: 279>, <UnknownMessageType.unknown_408: 408>]
INFO:root:Importing /home/kellen/.HealthData/FitFiles/Monitoring/2026/468316566739_WELLNESS.fit (2026-08-08 07:18:00) [FileType.monitoring_b] with message types: [<MessageType.file_id: 0>, <MessageType.device_info: 23>, <MessageType.software: 35>, <UnknownMessageType.unknown_355: 355>, <UnknownMessageType.unknown_484: 484>, <MessageType.monitoring_info: 103>, <MessageType.unknown_24: 24>, <MessageType.monitoring: 55>, <UnknownMessageType.unknown_211: 211>, <MessageType.ohr_settings: 188>, <MessageType.event: 21>, <MessageType.unknown_233: 233>, <MessageType.stress_level: 227>, <MessageType.respiration: 297>, <UnknownMessageType.unknown_408: 408>, <UnknownMessageType.unknown_279: 279>]
INFO:root:skipping non-matching File(<UnknownEnumValue.UnknownEnumValue_79: 79> /home/kellen/.HealthData/FitFiles/Monitoring/2026/468674164825_SLEEP_DISRUPTIONS.fit <UnknownEnumValue.UnknownEnumValue_79: 79> [<MessageType.file_id: 0>, <MessageType.file_creator: 49>, <MessageType.device_info: 23>, <MessageType.timestamp_correlation: 162>, <UnknownMessageType.unknown_471: 471>, <UnknownMessageType.unknown_470: 470>] dev fields {})
INFO:root:Importing /home/kellen/.HealthData/FitFiles/Monitoring/2026/468802960340_WELLNESS.fit (2026-08-09 10:45:00) [FileType.monitoring_b] with message types: [<MessageType.file_id: 0>, <MessageType.device_info: 23>, <MessageType.software: 35>, <UnknownMessageType.unknown_355: 355>, <UnknownMessageType.unknown_484: 484>, <MessageType.monitoring_info: 103>, <MessageType.unknown_24: 24>, <MessageType.monitoring: 55>, <UnknownMessageType.unknown_211: 211>, <MessageType.ohr_settings: 188>, <MessageType.event: 21>, <MessageType.stress_level: 227>, <MessageType.respiration: 297>, <UnknownMessageType.unknown_279: 279>, <MessageType.unknown_233: 233>, <UnknownMessageType.unknown_408: 408>, <UnknownMessageType.unknown_407: 407>]
INFO:root:Importing /home/kellen/.HealthData/FitFiles/Monitoring/2026/469394977115_WELLNESS.fit (2026-08-11 06:20:00) [FileType.monitoring_b] with message types: [<MessageType.file_id: 0>, <MessageType.device_info: 23>, <MessageType.software: 35>, <UnknownMessageType.unknown_355: 355>, <UnknownMessageType.unknown_484: 484>, <MessageType.monitoring_info: 103>, <MessageType.unknown_24: 24>, <MessageType.monitoring: 55>, <UnknownMessageType.unknown_211: 211>, <MessageType.ohr_settings: 188>, <MessageType.event: 21>, <UnknownMessageType.unknown_407: 407>, <UnknownMessageType.unknown_408: 408>, <MessageType.stress_level: 227>, <MessageType.respiration: 297>, <MessageType.unknown_233: 233>, <UnknownMessageType.unknown_279: 279>]
INFO:root:Importing /home/kellen/.HealthData/FitFiles/Monitoring/2026/469547452720_WELLNESS.fit (2026-08-11 14:40:00) [FileType.monitoring_b] with message types: [<MessageType.file_id: 0>, <MessageType.device_info: 23>, <MessageType.software: 35>, <UnknownMessageType.unknown_355: 355>, <UnknownMessageType.unknown_484: 484>, <MessageType.monitoring_info: 103>, <MessageType.unknown_24: 24>, <MessageType.monitoring: 55>, <UnknownMessageType.unknown_211: 211>, <MessageType.ohr_settings: 188>, <MessageType.event: 21>, <UnknownMessageType.unknown_408: 408>, <MessageType.stress_level: 227>, <MessageType.respiration: 297>, <MessageType.unknown_233: 233>, <UnknownMessageType.unknown_279: 279>, <UnknownMessageType.unknown_407: 407>]
INFO:root:skipping non-matching File(<UnknownEnumValue.UnknownEnumValue_79: 79> /home/kellen/.HealthData/FitFiles/Monitoring/2026/469026523755_SLEEP_DISRUPTIONS.fit <UnknownEnumValue.UnknownEnumValue_79: 79> [<MessageType.file_id: 0>, <MessageType.file_creator: 49>, <MessageType.device_info: 23>, <MessageType.timestamp_correlation: 162>, <UnknownMessageType.unknown_471: 471>, <UnknownMessageType.unknown_470: 470>] dev fields {})
INFO:root:Importing /home/kellen/.HealthData/FitFiles/Monitoring/2026/470315544679_WELLNESS.fit (2026-08-13 19:10:00) [FileType.monitoring_b] with message types: [<MessageType.file_id: 0>, <MessageType.device_info: 23>, <MessageType.software: 35>, <UnknownMessageType.unknown_355: 355>, <UnknownMessageType.unknown_484: 484>, <MessageType.monitoring_info: 103>, <MessageType.unknown_24: 24>, <MessageType.monitoring: 55>, <UnknownMessageType.unknown_211: 211>, <MessageType.ohr_settings: 188>, <MessageType.event: 21>, <UnknownMessageType.unknown_408: 408>, <MessageType.stress_level: 227>, <MessageType.respiration: 297>, <MessageType.unknown_233: 233>, <UnknownMessageType.unknown_279: 279>]
INFO:root:skipping non-matching File(<FileType.metrics: 44> /home/kellen/.HealthData/FitFiles/Monitoring/2026/470123650386_METRICS.fit FileType.metrics [<MessageType.file_id: 0>, <MessageType.file_creator: 49>, <MessageType.device_info: 23>, <MessageType.local_time: 241>, <UnknownMessageType.unknown_330: 330>, <UnknownMessageType.unknown_384: 384>, <UnknownMessageType.unknown_294: 294>, <UnknownMessageType.unknown_232: 232>, <UnknownMessageType.unknown_378: 378>, <UnknownMessageType.unknown_402: 402>, <UnknownMessageType.unknown_403: 403>, <UnknownMessageType.unknown_404: 404>, <UnknownMessageType.unknown_369: 369>, <UnknownMessageType.unknown_339: 339>, <UnknownMessageType.unknown_356: 356>, <UnknownMessageType.unknown_410: 410>, <MessageType.unknown_284: 284>, <UnknownMessageType.unknown_357: 357>] dev fields {})
INFO:root:Importing /home/kellen/.HealthData/FitFiles/Monitoring/2026/468507083173_WELLNESS.fit (2026-08-08 17:17:00) [FileType.monitoring_b] with message types: [<MessageType.file_id: 0>, <MessageType.device_info: 23>, <MessageType.software: 35>, <UnknownMessageType.unknown_355: 355>, <UnknownMessageType.unknown_484: 484>, <MessageType.monitoring_info: 103>, <MessageType.unknown_24: 24>, <MessageType.monitoring: 55>, <UnknownMessageType.unknown_211: 211>, <MessageType.ohr_settings: 188>, <MessageType.event: 21>, <MessageType.unknown_233: 233>, <MessageType.stress_level: 227>, <MessageType.respiration: 297>, <UnknownMessageType.unknown_279: 279>, <UnknownMessageType.unknown_408: 408>]
INFO:root:Importing /home/kellen/.HealthData/FitFiles/Monitoring/2026/468147849641_WELLNESS.fit (2026-08-07 16:30:00) [FileType.monitoring_b] with message types: [<MessageType.file_id: 0>, <MessageType.device_info: 23>, <MessageType.software: 35>, <UnknownMessageType.unknown_355: 355>, <UnknownMessageType.unknown_484: 484>, <MessageType.monitoring_info: 103>, <MessageType.unknown_24: 24>, <MessageType.monitoring: 55>, <UnknownMessageType.unknown_211: 211>, <MessageType.ohr_settings: 188>, <MessageType.event: 21>, <MessageType.unknown_233: 233>, <MessageType.stress_level: 227>, <MessageType.respiration: 297>, <UnknownMessageType.unknown_408: 408>, <UnknownMessageType.unknown_279: 279>]
INFO:root:Importing /home/kellen/.HealthData/FitFiles/Monitoring/2026/469145916190_WELLNESS.fit (2026-08-10 14:24:00) [FileType.monitoring_b] with message types: [<MessageType.file_id: 0>, <MessageType.device_info: 23>, <MessageType.software: 35>, <UnknownMessageType.unknown_355: 355>, <UnknownMessageType.unknown_484: 484>, <MessageType.monitoring_info: 103>, <MessageType.unknown_24: 24>, <MessageType.monitoring: 55>, <UnknownMessageType.unknown_211: 211>, <MessageType.ohr_settings: 188>, <MessageType.event: 21>, <MessageType.stress_level: 227>, <MessageType.respiration: 297>, <MessageType.unknown_233: 233>, <UnknownMessageType.unknown_279: 279>]
INFO:root:Importing /home/kellen/.HealthData/FitFiles/Monitoring/2026/468148514322_WELLNESS.fit (2026-08-07 20:49:00) [FileType.monitoring_b] with message types: [<MessageType.file_id: 0>, <MessageType.device_info: 23>, <MessageType.software: 35>, <UnknownMessageType.unknown_355: 355>, <UnknownMessageType.unknown_484: 484>, <MessageType.monitoring_info: 103>, <MessageType.unknown_24: 24>, <MessageType.monitoring: 55>, <UnknownMessageType.unknown_211: 211>, <MessageType.ohr_settings: 188>, <MessageType.event: 21>, <MessageType.stress_level: 227>, <MessageType.respiration: 297>, <UnknownMessageType.unknown_279: 279>, <MessageType.unknown_233: 233>, <UnknownMessageType.unknown_408: 408>]
INFO:root:Importing /home/kellen/.HealthData/FitFiles/Monitoring/2026/467997083433_WELLNESS.fit (2026-08-07 00:35:00) [FileType.monitoring_b] with message types: [<MessageType.file_id: 0>, <MessageType.device_info: 23>, <MessageType.software: 35>, <UnknownMessageType.unknown_355: 355>, <UnknownMessageType.unknown_484: 484>, <MessageType.monitoring_info: 103>, <MessageType.unknown_24: 24>, <MessageType.monitoring: 55>, <UnknownMessageType.unknown_211: 211>, <MessageType.ohr_settings: 188>, <MessageType.event: 21>, <MessageType.unknown_233: 233>, <MessageType.stress_level: 227>, <MessageType.respiration: 297>, <UnknownMessageType.unknown_279: 279>, <UnknownMessageType.unknown_408: 408>, <UnknownMessageType.unknown_407: 407>]
INFO:root:skipping non-matching File(<FileType.metrics: 44> /home/kellen/.HealthData/FitFiles/Monitoring/2026/468185219700_METRICS.fit FileType.metrics [<MessageType.file_id: 0>, <MessageType.file_creator: 49>, <MessageType.device_info: 23>, <MessageType.local_time: 241>, <UnknownMessageType.unknown_369: 369>] dev fields {})
INFO:root:skipping non-matching File(<FileType.sleep: 49> /home/kellen/.HealthData/FitFiles/Monitoring/2026/469026518437_SLEEP_DATA.fit FileType.sleep [<MessageType.file_id: 0>, <MessageType.file_creator: 49>, <MessageType.device_info: 23>, <MessageType.start: 273>, <MessageType.event: 21>, <UnknownMessageType.unknown_346: 346>, <MessageType.sleep_level: 275>, <UnknownMessageType.unknown_382: 382>, <UnknownMessageType.unknown_521: 521>] dev fields {})
INFO:root:skipping non-matching File(<FileType.hrv_status: 68> /home/kellen/.HealthData/FitFiles/Monitoring/2026/468306221879_HRV_STATUS.fit FileType.hrv_status [<MessageType.file_id: 0>, <MessageType.file_creator: 49>, <MessageType.device_info: 23>, <MessageType.source: 22>, <MessageType.timestamp_correlation: 162>, <MessageType.hrv_value: 371>, <MessageType.hrv_status_summary: 370>] dev fields {})
INFO:root:Importing /home/kellen/.HealthData/FitFiles/Monitoring/2026/468314856062_WELLNESS.fit (2026-08-08 07:00:00) [FileType.monitoring_b] with message types: [<MessageType.file_id: 0>, <MessageType.device_info: 23>, <MessageType.software: 35>, <UnknownMessageType.unknown_355: 355>, <UnknownMessageType.unknown_484: 484>, <MessageType.monitoring_info: 103>, <MessageType.unknown_24: 24>, <MessageType.monitoring: 55>, <UnknownMessageType.unknown_211: 211>, <MessageType.ohr_settings: 188>, <MessageType.event: 21>, <MessageType.unknown_233: 233>, <MessageType.stress_level: 227>, <MessageType.respiration: 297>, <UnknownMessageType.unknown_279: 279>, <UnknownMessageType.unknown_408: 408>]
ERROR:/home/kellen/.cache/uv/environments-v2/garmindb-cli-b174125ee89b7976/lib/python3.12/site-packages/garmindb/fit_data.py:Failed to parse /home/kellen/.HealthData/FitFiles/Monitoring/2026/468260335130_METRICS.fit: Failed to parse Message DataMessage(<UnknownMessageType.unknown_493: 493>: []): unpack requires a buffer of 16 bytes
ERROR:root:Failed to parse /home/kellen/.HealthData/FitFiles/Monitoring/2026/468260335130_METRICS.fit: Failed to parse Message DataMessage(<UnknownMessageType.unknown_493: 493>: []): unpack requires a buffer of 16 bytes - Traceback (most recent call last):
  File "/home/kellen/.cache/uv/environments-v2/garmindb-cli-b174125ee89b7976/lib/python3.12/site-packages/fitfile/data_message.py", line 68, in __init__
    data_field = DataField(fit_file, definition_message, definition_message.field_definitions[index], measurement_system)
                 ^^^^^^^^^^^^^^^^^^^^^^^^^^^^^^^^^^^^^^^^^^^^^^^^^^^^^^^^^^^^^^^^^^^^^^^^^^^^^^^^^^^^^^^^^^^^^^^^^^^^^^^^
  File "/home/kellen/.cache/uv/environments-v2/garmindb-cli-b174125ee89b7976/lib/python3.12/site-packages/fitfile/data_field.py", line 26, in __init__
    super().__init__(file, schema, None, definition_message.endian)
  File "/home/kellen/.cache/uv/environments-v2/garmindb-cli-b174125ee89b7976/lib/python3.12/site-packages/fitfile/data.py", line 102, in __init__
    self.decode_all()
  File "/home/kellen/.cache/uv/environments-v2/garmindb-cli-b174125ee89b7976/lib/python3.12/site-packages/fitfile/data.py", line 114, in decode_all
    self._decode(self.primary_schema)
  File "/home/kellen/.cache/uv/environments-v2/garmindb-cli-b174125ee89b7976/lib/python3.12/site-packages/fitfile/data.py", line 109, in _decode
    bytes = struct.unpack(unpack_format, self.file.read(file_size))
            ^^^^^^^^^^^^^^^^^^^^^^^^^^^^^^^^^^^^^^^^^^^^^^^^^^^^^^^
struct.error: unpack requires a buffer of 16 bytes

During handling of the above exception, another exception occurred:

Traceback (most recent call last):
  File "/home/kellen/.cache/uv/environments-v2/garmindb-cli-b174125ee89b7976/lib/python3.12/site-packages/garmindb/fit_data.py", line 51, in process_files
    fit_file = fitfile.file.File(file_name, self.measurement_system)
               ^^^^^^^^^^^^^^^^^^^^^^^^^^^^^^^^^^^^^^^^^^^^^^^^^^^^^
  File "/home/kellen/.cache/uv/environments-v2/garmindb-cli-b174125ee89b7976/lib/python3.12/site-packages/fitfile/file.py", line 46, in __init__
    self.__parse(file)
  File "/home/kellen/.cache/uv/environments-v2/garmindb-cli-b174125ee89b7976/lib/python3.12/site-packages/fitfile/file.py", line 71, in __parse
    data_message = DataMessage(definition_message, file, self.measurement_system, data_message_context)
                   ^^^^^^^^^^^^^^^^^^^^^^^^^^^^^^^^^^^^^^^^^^^^^^^^^^^^^^^^^^^^^^^^^^^^^^^^^^^^^^^^^^^^
  File "/home/kellen/.cache/uv/environments-v2/garmindb-cli-b174125ee89b7976/lib/python3.12/site-packages/fitfile/data_message.py", line 70, in __init__
    raise FitMessageParse(self, e)
fitfile.exceptions.exceptions.FitMessageParse: Failed to parse Message DataMessage(<UnknownMessageType.unknown_493: 493>: []): unpack requires a buffer of 16 bytes

INFO:root:skipping non-matching File(<FileType.metrics: 44> /home/kellen/.HealthData/FitFiles/Monitoring/2026/470381194400_METRICS.fit FileType.metrics [<MessageType.file_id: 0>, <MessageType.file_creator: 49>, <MessageType.device_info: 23>, <MessageType.local_time: 241>, <UnknownMessageType.unknown_281: 281>] dev fields {})
INFO:root:skipping non-matching File(<FileType.hrv_status: 68> /home/kellen/.HealthData/FitFiles/Monitoring/2026/469759279796_HRV_STATUS.fit FileType.hrv_status [<MessageType.file_id: 0>, <MessageType.file_creator: 49>, <MessageType.device_info: 23>, <MessageType.source: 22>, <MessageType.timestamp_correlation: 162>, <MessageType.hrv_value: 371>, <MessageType.hrv_status_summary: 370>] dev fields {})
INFO:root:skipping non-matching File(<FileType.hrv_status: 68> /home/kellen/.HealthData/FitFiles/Monitoring/2026/470123634508_HRV_STATUS.fit FileType.hrv_status [<MessageType.file_id: 0>, <MessageType.file_creator: 49>, <MessageType.device_info: 23>, <MessageType.source: 22>, <MessageType.timestamp_correlation: 162>, <MessageType.hrv_value: 371>, <MessageType.hrv_status_summary: 370>] dev fields {})
INFO:root:Importing /home/kellen/.HealthData/FitFiles/Monitoring/2026/469605123941_WELLNESS.fit (2026-08-11 20:11:00) [FileType.monitoring_b] with message types: [<MessageType.file_id: 0>, <MessageType.device_info: 23>, <MessageType.software: 35>, <UnknownMessageType.unknown_355: 355>, <UnknownMessageType.unknown_484: 484>, <MessageType.monitoring_info: 103>, <MessageType.unknown_24: 24>, <MessageType.monitoring: 55>, <UnknownMessageType.unknown_211: 211>, <MessageType.ohr_settings: 188>, <MessageType.event: 21>, <MessageType.stress_level: 227>, <MessageType.respiration: 297>, <UnknownMessageType.unknown_279: 279>, <MessageType.unknown_233: 233>, <UnknownMessageType.unknown_408: 408>]
INFO:root:skipping non-matching File(<FileType.metrics: 44> /home/kellen/.HealthData/FitFiles/Monitoring/2026/470020804357_METRICS.fit FileType.metrics [<MessageType.file_id: 0>, <MessageType.file_creator: 49>, <MessageType.device_info: 23>, <MessageType.local_time: 241>, <UnknownMessageType.unknown_281: 281>] dev fields {})
INFO:root:Importing /home/kellen/.HealthData/FitFiles/Monitoring/2026/470123671556_WELLNESS.fit (2026-08-13 06:03:00) [FileType.monitoring_b] with message types: [<MessageType.file_id: 0>, <MessageType.device_info: 23>, <MessageType.software: 35>, <UnknownMessageType.unknown_355: 355>, <UnknownMessageType.unknown_484: 484>, <MessageType.monitoring_info: 103>, <MessageType.unknown_24: 24>, <MessageType.monitoring: 55>, <UnknownMessageType.unknown_211: 211>, <MessageType.ohr_settings: 188>, <MessageType.event: 21>]
ERROR:/home/kellen/.cache/uv/environments-v2/garmindb-cli-b174125ee89b7976/lib/python3.12/site-packages/garmindb/fit_data.py:Failed to parse /home/kellen/.HealthData/FitFiles/Monitoring/2026/468066717707_METRICS.fit: Failed to parse Message DataMessage(<UnknownMessageType.unknown_493: 493>: []): unpack requires a buffer of 16 bytes
ERROR:root:Failed to parse /home/kellen/.HealthData/FitFiles/Monitoring/2026/468066717707_METRICS.fit: Failed to parse Message DataMessage(<UnknownMessageType.unknown_493: 493>: []): unpack requires a buffer of 16 bytes - Traceback (most recent call last):
  File "/home/kellen/.cache/uv/environments-v2/garmindb-cli-b174125ee89b7976/lib/python3.12/site-packages/fitfile/data_message.py", line 68, in __init__
    data_field = DataField(fit_file, definition_message, definition_message.field_definitions[index], measurement_system)
                 ^^^^^^^^^^^^^^^^^^^^^^^^^^^^^^^^^^^^^^^^^^^^^^^^^^^^^^^^^^^^^^^^^^^^^^^^^^^^^^^^^^^^^^^^^^^^^^^^^^^^^^^^
  File "/home/kellen/.cache/uv/environments-v2/garmindb-cli-b174125ee89b7976/lib/python3.12/site-packages/fitfile/data_field.py", line 26, in __init__
    super().__init__(file, schema, None, definition_message.endian)
  File "/home/kellen/.cache/uv/environments-v2/garmindb-cli-b174125ee89b7976/lib/python3.12/site-packages/fitfile/data.py", line 102, in __init__
    self.decode_all()
  File "/home/kellen/.cache/uv/environments-v2/garmindb-cli-b174125ee89b7976/lib/python3.12/site-packages/fitfile/data.py", line 114, in decode_all
    self._decode(self.primary_schema)
  File "/home/kellen/.cache/uv/environments-v2/garmindb-cli-b174125ee89b7976/lib/python3.12/site-packages/fitfile/data.py", line 109, in _decode
    bytes = struct.unpack(unpack_format, self.file.read(file_size))
            ^^^^^^^^^^^^^^^^^^^^^^^^^^^^^^^^^^^^^^^^^^^^^^^^^^^^^^^
struct.error: unpack requires a buffer of 16 bytes

During handling of the above exception, another exception occurred:

Traceback (most recent call last):
  File "/home/kellen/.cache/uv/environments-v2/garmindb-cli-b174125ee89b7976/lib/python3.12/site-packages/garmindb/fit_data.py", line 51, in process_files
    fit_file = fitfile.file.File(file_name, self.measurement_system)
               ^^^^^^^^^^^^^^^^^^^^^^^^^^^^^^^^^^^^^^^^^^^^^^^^^^^^^
  File "/home/kellen/.cache/uv/environments-v2/garmindb-cli-b174125ee89b7976/lib/python3.12/site-packages/fitfile/file.py", line 46, in __init__
    self.__parse(file)
  File "/home/kellen/.cache/uv/environments-v2/garmindb-cli-b174125ee89b7976/lib/python3.12/site-packages/fitfile/file.py", line 71, in __parse
    data_message = DataMessage(definition_message, file, self.measurement_system, data_message_context)
                   ^^^^^^^^^^^^^^^^^^^^^^^^^^^^^^^^^^^^^^^^^^^^^^^^^^^^^^^^^^^^^^^^^^^^^^^^^^^^^^^^^^^^
  File "/home/kellen/.cache/uv/environments-v2/garmindb-cli-b174125ee89b7976/lib/python3.12/site-packages/fitfile/data_message.py", line 70, in __init__
    raise FitMessageParse(self, e)
fitfile.exceptions.exceptions.FitMessageParse: Failed to parse Message DataMessage(<UnknownMessageType.unknown_493: 493>: []): unpack requires a buffer of 16 bytes

INFO:root:Importing /home/kellen/.HealthData/FitFiles/Monitoring/2026/469547895778_WELLNESS.fit (2026-08-11 16:52:00) [FileType.monitoring_b] with message types: [<MessageType.file_id: 0>, <MessageType.device_info: 23>, <MessageType.software: 35>, <UnknownMessageType.unknown_355: 355>, <UnknownMessageType.unknown_484: 484>, <MessageType.monitoring_info: 103>, <MessageType.unknown_24: 24>, <MessageType.monitoring: 55>, <UnknownMessageType.unknown_211: 211>, <MessageType.ohr_settings: 188>, <MessageType.event: 21>, <MessageType.unknown_233: 233>, <UnknownMessageType.unknown_408: 408>, <MessageType.stress_level: 227>, <MessageType.respiration: 297>, <UnknownMessageType.unknown_279: 279>]
INFO:root:Importing /home/kellen/.HealthData/FitFiles/Monitoring/2026/469158623359_WELLNESS.fit (2026-08-10 15:15:00) [FileType.monitoring_b] with message types: [<MessageType.file_id: 0>, <MessageType.device_info: 23>, <MessageType.software: 35>, <UnknownMessageType.unknown_355: 355>, <UnknownMessageType.unknown_484: 484>, <MessageType.monitoring_info: 103>, <MessageType.unknown_24: 24>, <MessageType.monitoring: 55>, <UnknownMessageType.unknown_211: 211>, <MessageType.ohr_settings: 188>, <MessageType.event: 21>, <MessageType.stress_level: 227>, <MessageType.respiration: 297>, <UnknownMessageType.unknown_279: 279>, <MessageType.unknown_233: 233>]
INFO:root:Importing /home/kellen/.HealthData/FitFiles/Monitoring/2026/468675724620_WELLNESS.fit (2026-08-09 07:00:00) [FileType.monitoring_b] with message types: [<MessageType.file_id: 0>, <MessageType.device_info: 23>, <MessageType.software: 35>, <UnknownMessageType.unknown_355: 355>, <UnknownMessageType.unknown_484: 484>, <MessageType.monitoring_info: 103>, <MessageType.unknown_24: 24>, <MessageType.monitoring: 55>, <UnknownMessageType.unknown_211: 211>, <MessageType.ohr_settings: 188>, <MessageType.event: 21>, <MessageType.unknown_233: 233>, <UnknownMessageType.unknown_407: 407>, <UnknownMessageType.unknown_408: 408>, <MessageType.stress_level: 227>, <MessageType.respiration: 297>, <UnknownMessageType.unknown_279: 279>]
INFO:root:skipping non-matching File(<FileType.metrics: 44> /home/kellen/.HealthData/FitFiles/Monitoring/2026/469652725369_METRICS.fit FileType.metrics [<MessageType.file_id: 0>, <MessageType.file_creator: 49>, <MessageType.device_info: 23>, <MessageType.local_time: 241>, <UnknownMessageType.unknown_281: 281>] dev fields {})
ERROR:/home/kellen/.cache/uv/environments-v2/garmindb-cli-b174125ee89b7976/lib/python3.12/site-packages/garmindb/fit_data.py:Failed to parse /home/kellen/.HealthData/FitFiles/Monitoring/2026/470248573219_METRICS.fit: Failed to parse Message DataMessage(<UnknownMessageType.unknown_493: 493>: []): unpack requires a buffer of 16 bytes
ERROR:root:Failed to parse /home/kellen/.HealthData/FitFiles/Monitoring/2026/470248573219_METRICS.fit: Failed to parse Message DataMessage(<UnknownMessageType.unknown_493: 493>: []): unpack requires a buffer of 16 bytes - Traceback (most recent call last):
  File "/home/kellen/.cache/uv/environments-v2/garmindb-cli-b174125ee89b7976/lib/python3.12/site-packages/fitfile/data_message.py", line 68, in __init__
    data_field = DataField(fit_file, definition_message, definition_message.field_definitions[index], measurement_system)
                 ^^^^^^^^^^^^^^^^^^^^^^^^^^^^^^^^^^^^^^^^^^^^^^^^^^^^^^^^^^^^^^^^^^^^^^^^^^^^^^^^^^^^^^^^^^^^^^^^^^^^^^^^
  File "/home/kellen/.cache/uv/environments-v2/garmindb-cli-b174125ee89b7976/lib/python3.12/site-packages/fitfile/data_field.py", line 26, in __init__
    super().__init__(file, schema, None, definition_message.endian)
  File "/home/kellen/.cache/uv/environments-v2/garmindb-cli-b174125ee89b7976/lib/python3.12/site-packages/fitfile/data.py", line 102, in __init__
    self.decode_all()
  File "/home/kellen/.cache/uv/environments-v2/garmindb-cli-b174125ee89b7976/lib/python3.12/site-packages/fitfile/data.py", line 114, in decode_all
    self._decode(self.primary_schema)
  File "/home/kellen/.cache/uv/environments-v2/garmindb-cli-b174125ee89b7976/lib/python3.12/site-packages/fitfile/data.py", line 109, in _decode
    bytes = struct.unpack(unpack_format, self.file.read(file_size))
            ^^^^^^^^^^^^^^^^^^^^^^^^^^^^^^^^^^^^^^^^^^^^^^^^^^^^^^^
struct.error: unpack requires a buffer of 16 bytes

During handling of the above exception, another exception occurred:

Traceback (most recent call last):
  File "/home/kellen/.cache/uv/environments-v2/garmindb-cli-b174125ee89b7976/lib/python3.12/site-packages/garmindb/fit_data.py", line 51, in process_files
    fit_file = fitfile.file.File(file_name, self.measurement_system)
               ^^^^^^^^^^^^^^^^^^^^^^^^^^^^^^^^^^^^^^^^^^^^^^^^^^^^^
  File "/home/kellen/.cache/uv/environments-v2/garmindb-cli-b174125ee89b7976/lib/python3.12/site-packages/fitfile/file.py", line 46, in __init__
    self.__parse(file)
  File "/home/kellen/.cache/uv/environments-v2/garmindb-cli-b174125ee89b7976/lib/python3.12/site-packages/fitfile/file.py", line 71, in __parse
    data_message = DataMessage(definition_message, file, self.measurement_system, data_message_context)
                   ^^^^^^^^^^^^^^^^^^^^^^^^^^^^^^^^^^^^^^^^^^^^^^^^^^^^^^^^^^^^^^^^^^^^^^^^^^^^^^^^^^^^
  File "/home/kellen/.cache/uv/environments-v2/garmindb-cli-b174125ee89b7976/lib/python3.12/site-packages/fitfile/data_message.py", line 70, in __init__
    raise FitMessageParse(self, e)
fitfile.exceptions.exceptions.FitMessageParse: Failed to parse Message DataMessage(<UnknownMessageType.unknown_493: 493>: []): unpack requires a buffer of 16 bytes

INFO:root:Importing /home/kellen/.HealthData/FitFiles/Monitoring/2026/470289745053_WELLNESS.fit (2026-08-13 17:40:00) [FileType.monitoring_b] with message types: [<MessageType.file_id: 0>, <MessageType.device_info: 23>, <MessageType.software: 35>, <UnknownMessageType.unknown_355: 355>, <UnknownMessageType.unknown_484: 484>, <MessageType.monitoring_info: 103>, <MessageType.unknown_24: 24>, <MessageType.monitoring: 55>, <UnknownMessageType.unknown_211: 211>, <MessageType.ohr_settings: 188>, <MessageType.event: 21>, <MessageType.stress_level: 227>, <MessageType.respiration: 297>, <MessageType.unknown_233: 233>, <UnknownMessageType.unknown_408: 408>, <UnknownMessageType.unknown_279: 279>]
INFO:root:Importing /home/kellen/.HealthData/FitFiles/Monitoring/2026/469425192967_WELLNESS.fit (2026-08-11 06:31:00) [FileType.monitoring_b] with message types: [<MessageType.file_id: 0>, <MessageType.device_info: 23>, <MessageType.software: 35>, <UnknownMessageType.unknown_355: 355>, <UnknownMessageType.unknown_484: 484>, <MessageType.monitoring_info: 103>, <MessageType.unknown_24: 24>, <MessageType.monitoring: 55>, <UnknownMessageType.unknown_211: 211>, <MessageType.ohr_settings: 188>, <MessageType.event: 21>, <UnknownMessageType.unknown_408: 408>, <MessageType.stress_level: 227>, <MessageType.respiration: 297>, <UnknownMessageType.unknown_279: 279>, <MessageType.unknown_233: 233>]
INFO:root:Importing /home/kellen/.HealthData/FitFiles/Monitoring/2026/468308317677_WELLNESS.fit (2026-08-08 06:50:00) [FileType.monitoring_b] with message types: [<MessageType.file_id: 0>, <MessageType.device_info: 23>, <MessageType.software: 35>, <UnknownMessageType.unknown_355: 355>, <UnknownMessageType.unknown_484: 484>, <MessageType.monitoring_info: 103>, <MessageType.unknown_24: 24>, <MessageType.monitoring: 55>, <UnknownMessageType.unknown_211: 211>, <MessageType.ohr_settings: 188>, <MessageType.event: 21>, <MessageType.unknown_233: 233>, <MessageType.stress_level: 227>, <MessageType.respiration: 297>, <UnknownMessageType.unknown_408: 408>, <UnknownMessageType.unknown_279: 279>]
ERROR:/home/kellen/.cache/uv/environments-v2/garmindb-cli-b174125ee89b7976/lib/python3.12/site-packages/garmindb/fit_data.py:Failed to parse /home/kellen/.HealthData/FitFiles/Monitoring/2026/469147180644_METRICS.fit: Failed to parse Message DataMessage(<UnknownMessageType.unknown_493: 493>: []): unpack requires a buffer of 16 bytes
ERROR:root:Failed to parse /home/kellen/.HealthData/FitFiles/Monitoring/2026/469147180644_METRICS.fit: Failed to parse Message DataMessage(<UnknownMessageType.unknown_493: 493>: []): unpack requires a buffer of 16 bytes - Traceback (most recent call last):
  File "/home/kellen/.cache/uv/environments-v2/garmindb-cli-b174125ee89b7976/lib/python3.12/site-packages/fitfile/data_message.py", line 68, in __init__
    data_field = DataField(fit_file, definition_message, definition_message.field_definitions[index], measurement_system)
                 ^^^^^^^^^^^^^^^^^^^^^^^^^^^^^^^^^^^^^^^^^^^^^^^^^^^^^^^^^^^^^^^^^^^^^^^^^^^^^^^^^^^^^^^^^^^^^^^^^^^^^^^^
  File "/home/kellen/.cache/uv/environments-v2/garmindb-cli-b174125ee89b7976/lib/python3.12/site-packages/fitfile/data_field.py", line 26, in __init__
    super().__init__(file, schema, None, definition_message.endian)
  File "/home/kellen/.cache/uv/environments-v2/garmindb-cli-b174125ee89b7976/lib/python3.12/site-packages/fitfile/data.py", line 102, in __init__
    self.decode_all()
  File "/home/kellen/.cache/uv/environments-v2/garmindb-cli-b174125ee89b7976/lib/python3.12/site-packages/fitfile/data.py", line 114, in decode_all
    self._decode(self.primary_schema)
  File "/home/kellen/.cache/uv/environments-v2/garmindb-cli-b174125ee89b7976/lib/python3.12/site-packages/fitfile/data.py", line 109, in _decode
    bytes = struct.unpack(unpack_format, self.file.read(file_size))
            ^^^^^^^^^^^^^^^^^^^^^^^^^^^^^^^^^^^^^^^^^^^^^^^^^^^^^^^
struct.error: unpack requires a buffer of 16 bytes

During handling of the above exception, another exception occurred:

Traceback (most recent call last):
  File "/home/kellen/.cache/uv/environments-v2/garmindb-cli-b174125ee89b7976/lib/python3.12/site-packages/garmindb/fit_data.py", line 51, in process_files
    fit_file = fitfile.file.File(file_name, self.measurement_system)
               ^^^^^^^^^^^^^^^^^^^^^^^^^^^^^^^^^^^^^^^^^^^^^^^^^^^^^
  File "/home/kellen/.cache/uv/environments-v2/garmindb-cli-b174125ee89b7976/lib/python3.12/site-packages/fitfile/file.py", line 46, in __init__
    self.__parse(file)
  File "/home/kellen/.cache/uv/environments-v2/garmindb-cli-b174125ee89b7976/lib/python3.12/site-packages/fitfile/file.py", line 71, in __parse
    data_message = DataMessage(definition_message, file, self.measurement_system, data_message_context)
                   ^^^^^^^^^^^^^^^^^^^^^^^^^^^^^^^^^^^^^^^^^^^^^^^^^^^^^^^^^^^^^^^^^^^^^^^^^^^^^^^^^^^^
  File "/home/kellen/.cache/uv/environments-v2/garmindb-cli-b174125ee89b7976/lib/python3.12/site-packages/fitfile/data_message.py", line 70, in __init__
    raise FitMessageParse(self, e)
fitfile.exceptions.exceptions.FitMessageParse: Failed to parse Message DataMessage(<UnknownMessageType.unknown_493: 493>: []): unpack requires a buffer of 16 bytes

INFO:/home/kellen/.cache/uv/environments-v2/garmindb-cli-b174125ee89b7976/lib/python3.12/site-packages/garmindb/import_monitoring.py:Processing sleep data
INFO:/home/kellen/.cache/uv/environments-v2/garmindb-cli-b174125ee89b7976/lib/python3.12/site-packages/idbutils/file_processor.py:Reading directory: /home/kellen/.HealthData/Sleep looking for files matching sleep_\d{4}-\d{2}-\d{2}\.json and created after 2026-08-13 10:07:05.161616
INFO:root:Found 5 json files for sleep_\d{4}-\d{2}-\d{2}\.json in /home/kellen/.HealthData/Sleep
INFO:root:Processing 5 json files
INFO:root:Importing 2026-08-13 with REM data and UTC offset -14400.0
INFO:root:Sleep event datetime.datetime(2026, 8, 12, 22, 28, 45) (datetime.datetime(2026, 8, 13, 2, 28, 45)) <RemSleepActivityLevels.light_sleep: 1.0>
INFO:root:Sleep event datetime.datetime(2026, 8, 12, 22, 38, 45) (datetime.datetime(2026, 8, 13, 2, 38, 45)) <RemSleepActivityLevels.deep_sleep: 0.0>
INFO:root:Sleep event datetime.datetime(2026, 8, 12, 22, 56, 45) (datetime.datetime(2026, 8, 13, 2, 56, 45)) <RemSleepActivityLevels.awake: 3.0>
INFO:root:Sleep event datetime.datetime(2026, 8, 12, 22, 58, 45) (datetime.datetime(2026, 8, 13, 2, 58, 45)) <RemSleepActivityLevels.light_sleep: 1.0>
INFO:root:Sleep event datetime.datetime(2026, 8, 12, 23, 15, 45) (datetime.datetime(2026, 8, 13, 3, 15, 45)) <RemSleepActivityLevels.deep_sleep: 0.0>
INFO:root:Sleep event datetime.datetime(2026, 8, 12, 23, 27, 45) (datetime.datetime(2026, 8, 13, 3, 27, 45)) <RemSleepActivityLevels.light_sleep: 1.0>
INFO:root:Sleep event datetime.datetime(2026, 8, 12, 23, 52, 45) (datetime.datetime(2026, 8, 13, 3, 52, 45)) <RemSleepActivityLevels.awake: 3.0>
INFO:root:Sleep event datetime.datetime(2026, 8, 12, 23, 53, 45) (datetime.datetime(2026, 8, 13, 3, 53, 45)) <RemSleepActivityLevels.light_sleep: 1.0>
INFO:root:Sleep event datetime.datetime(2026, 8, 13, 0, 18, 45) (datetime.datetime(2026, 8, 13, 4, 18, 45)) <RemSleepActivityLevels.deep_sleep: 0.0>
INFO:root:Sleep event datetime.datetime(2026, 8, 13, 0, 39, 45) (datetime.datetime(2026, 8, 13, 4, 39, 45)) <RemSleepActivityLevels.light_sleep: 1.0>
INFO:root:Sleep event datetime.datetime(2026, 8, 13, 0, 53, 45) (datetime.datetime(2026, 8, 13, 4, 53, 45)) <RemSleepActivityLevels.deep_sleep: 0.0>
INFO:root:Sleep event datetime.datetime(2026, 8, 13, 1, 3, 45) (datetime.datetime(2026, 8, 13, 5, 3, 45)) <RemSleepActivityLevels.light_sleep: 1.0>
INFO:root:Sleep event datetime.datetime(2026, 8, 13, 1, 11, 45) (datetime.datetime(2026, 8, 13, 5, 11, 45)) <RemSleepActivityLevels.rem_sleep: 2.0>
INFO:root:Sleep event datetime.datetime(2026, 8, 13, 1, 27, 45) (datetime.datetime(2026, 8, 13, 5, 27, 45)) <RemSleepActivityLevels.light_sleep: 1.0>
INFO:root:Sleep event datetime.datetime(2026, 8, 13, 1, 46, 45) (datetime.datetime(2026, 8, 13, 5, 46, 45)) <RemSleepActivityLevels.deep_sleep: 0.0>
INFO:root:Sleep event datetime.datetime(2026, 8, 13, 2, 25, 45) (datetime.datetime(2026, 8, 13, 6, 25, 45)) <RemSleepActivityLevels.light_sleep: 1.0>
INFO:root:Sleep event datetime.datetime(2026, 8, 13, 2, 36, 45) (datetime.datetime(2026, 8, 13, 6, 36, 45)) <RemSleepActivityLevels.rem_sleep: 2.0>
INFO:root:Sleep event datetime.datetime(2026, 8, 13, 2, 52, 45) (datetime.datetime(2026, 8, 13, 6, 52, 45)) <RemSleepActivityLevels.light_sleep: 1.0>
INFO:root:Sleep event datetime.datetime(2026, 8, 13, 3, 53, 45) (datetime.datetime(2026, 8, 13, 7, 53, 45)) <RemSleepActivityLevels.awake: 3.0>
INFO:root:Sleep event datetime.datetime(2026, 8, 13, 4, 0, 45) (datetime.datetime(2026, 8, 13, 8, 0, 45)) <RemSleepActivityLevels.light_sleep: 1.0>
INFO:root:Sleep event datetime.datetime(2026, 8, 13, 4, 40, 45) (datetime.datetime(2026, 8, 13, 8, 40, 45)) <RemSleepActivityLevels.rem_sleep: 2.0>
INFO:root:Sleep event datetime.datetime(2026, 8, 13, 4, 57, 45) (datetime.datetime(2026, 8, 13, 8, 57, 45)) <RemSleepActivityLevels.light_sleep: 1.0>
INFO:root:Sleep event datetime.datetime(2026, 8, 13, 5, 19, 45) (datetime.datetime(2026, 8, 13, 9, 19, 45)) <RemSleepActivityLevels.rem_sleep: 2.0>
INFO:root:Sleep event datetime.datetime(2026, 8, 13, 5, 46, 45) (datetime.datetime(2026, 8, 13, 9, 46, 45)) <RemSleepActivityLevels.light_sleep: 1.0>
INFO:root:DB updated with 24 entries from /home/kellen/.HealthData/Sleep/sleep_2026-08-13.json
INFO:root:Importing 2026-08-10 with REM data and UTC offset -14400.0
INFO:root:Sleep event datetime.datetime(2026, 8, 9, 22, 35, 8) (datetime.datetime(2026, 8, 10, 2, 35, 8)) <RemSleepActivityLevels.light_sleep: 1.0>
INFO:root:Sleep event datetime.datetime(2026, 8, 9, 22, 38, 8) (datetime.datetime(2026, 8, 10, 2, 38, 8)) <RemSleepActivityLevels.deep_sleep: 0.0>
INFO:root:Sleep event datetime.datetime(2026, 8, 9, 22, 55, 8) (datetime.datetime(2026, 8, 10, 2, 55, 8)) <RemSleepActivityLevels.awake: 3.0>
INFO:root:Sleep event datetime.datetime(2026, 8, 9, 22, 57, 8) (datetime.datetime(2026, 8, 10, 2, 57, 8)) <RemSleepActivityLevels.light_sleep: 1.0>
INFO:root:Sleep event datetime.datetime(2026, 8, 9, 23, 7, 8) (datetime.datetime(2026, 8, 10, 3, 7, 8)) <RemSleepActivityLevels.deep_sleep: 0.0>
INFO:root:Sleep event datetime.datetime(2026, 8, 9, 23, 17, 8) (datetime.datetime(2026, 8, 10, 3, 17, 8)) <RemSleepActivityLevels.light_sleep: 1.0>
INFO:root:Sleep event datetime.datetime(2026, 8, 10, 0, 5, 8) (datetime.datetime(2026, 8, 10, 4, 5, 8)) <RemSleepActivityLevels.deep_sleep: 0.0>
INFO:root:Sleep event datetime.datetime(2026, 8, 10, 1, 1, 8) (datetime.datetime(2026, 8, 10, 5, 1, 8)) <RemSleepActivityLevels.awake: 3.0>
INFO:root:Sleep event datetime.datetime(2026, 8, 10, 1, 2, 8) (datetime.datetime(2026, 8, 10, 5, 2, 8)) <RemSleepActivityLevels.light_sleep: 1.0>
INFO:root:Sleep event datetime.datetime(2026, 8, 10, 1, 29, 8) (datetime.datetime(2026, 8, 10, 5, 29, 8)) <RemSleepActivityLevels.rem_sleep: 2.0>
INFO:root:Sleep event datetime.datetime(2026, 8, 10, 1, 51, 8) (datetime.datetime(2026, 8, 10, 5, 51, 8)) <RemSleepActivityLevels.light_sleep: 1.0>
INFO:root:Sleep event datetime.datetime(2026, 8, 10, 2, 29, 8) (datetime.datetime(2026, 8, 10, 6, 29, 8)) <RemSleepActivityLevels.deep_sleep: 0.0>
INFO:root:Sleep event datetime.datetime(2026, 8, 10, 2, 34, 8) (datetime.datetime(2026, 8, 10, 6, 34, 8)) <RemSleepActivityLevels.light_sleep: 1.0>
INFO:root:Sleep event datetime.datetime(2026, 8, 10, 2, 43, 8) (datetime.datetime(2026, 8, 10, 6, 43, 8)) <RemSleepActivityLevels.rem_sleep: 2.0>
INFO:root:Sleep event datetime.datetime(2026, 8, 10, 3, 14, 8) (datetime.datetime(2026, 8, 10, 7, 14, 8)) <RemSleepActivityLevels.light_sleep: 1.0>
INFO:root:Sleep event datetime.datetime(2026, 8, 10, 3, 21, 8) (datetime.datetime(2026, 8, 10, 7, 21, 8)) <RemSleepActivityLevels.rem_sleep: 2.0>
INFO:root:Sleep event datetime.datetime(2026, 8, 10, 3, 27, 8) (datetime.datetime(2026, 8, 10, 7, 27, 8)) <RemSleepActivityLevels.light_sleep: 1.0>
INFO:root:Sleep event datetime.datetime(2026, 8, 10, 4, 44, 8) (datetime.datetime(2026, 8, 10, 8, 44, 8)) <RemSleepActivityLevels.rem_sleep: 2.0>
INFO:root:Sleep event datetime.datetime(2026, 8, 10, 4, 55, 8) (datetime.datetime(2026, 8, 10, 8, 55, 8)) <RemSleepActivityLevels.light_sleep: 1.0>
INFO:root:Sleep event datetime.datetime(2026, 8, 10, 5, 4, 8) (datetime.datetime(2026, 8, 10, 9, 4, 8)) <RemSleepActivityLevels.rem_sleep: 2.0>
INFO:root:Sleep event datetime.datetime(2026, 8, 10, 5, 30, 8) (datetime.datetime(2026, 8, 10, 9, 30, 8)) <RemSleepActivityLevels.light_sleep: 1.0>
INFO:root:Sleep event datetime.datetime(2026, 8, 10, 6, 5, 8) (datetime.datetime(2026, 8, 10, 10, 5, 8)) <RemSleepActivityLevels.rem_sleep: 2.0>
INFO:root:DB updated with 22 entries from /home/kellen/.HealthData/Sleep/sleep_2026-08-10.json
INFO:root:Importing 2026-08-11 with REM data and UTC offset -14400.0
INFO:root:Sleep event datetime.datetime(2026, 8, 10, 21, 47, 38) (datetime.datetime(2026, 8, 11, 1, 47, 38)) <RemSleepActivityLevels.light_sleep: 1.0>
INFO:root:Sleep event datetime.datetime(2026, 8, 10, 21, 55, 38) (datetime.datetime(2026, 8, 11, 1, 55, 38)) <RemSleepActivityLevels.deep_sleep: 0.0>
INFO:root:Sleep event datetime.datetime(2026, 8, 10, 22, 2, 38) (datetime.datetime(2026, 8, 11, 2, 2, 38)) <RemSleepActivityLevels.awake: 3.0>
INFO:root:Sleep event datetime.datetime(2026, 8, 10, 22, 3, 38) (datetime.datetime(2026, 8, 11, 2, 3, 38)) <RemSleepActivityLevels.light_sleep: 1.0>
INFO:root:Sleep event datetime.datetime(2026, 8, 10, 22, 13, 38) (datetime.datetime(2026, 8, 11, 2, 13, 38)) <RemSleepActivityLevels.deep_sleep: 0.0>
INFO:root:Sleep event datetime.datetime(2026, 8, 10, 22, 31, 38) (datetime.datetime(2026, 8, 11, 2, 31, 38)) <RemSleepActivityLevels.awake: 3.0>
INFO:root:Sleep event datetime.datetime(2026, 8, 10, 22, 45, 38) (datetime.datetime(2026, 8, 11, 2, 45, 38)) <RemSleepActivityLevels.light_sleep: 1.0>
INFO:root:Sleep event datetime.datetime(2026, 8, 10, 22, 58, 38) (datetime.datetime(2026, 8, 11, 2, 58, 38)) <RemSleepActivityLevels.awake: 3.0>
INFO:root:Sleep event datetime.datetime(2026, 8, 10, 22, 59, 38) (datetime.datetime(2026, 8, 11, 2, 59, 38)) <RemSleepActivityLevels.light_sleep: 1.0>
INFO:root:Sleep event datetime.datetime(2026, 8, 10, 23, 24, 38) (datetime.datetime(2026, 8, 11, 3, 24, 38)) <RemSleepActivityLevels.deep_sleep: 0.0>
INFO:root:Sleep event datetime.datetime(2026, 8, 10, 23, 52, 38) (datetime.datetime(2026, 8, 11, 3, 52, 38)) <RemSleepActivityLevels.light_sleep: 1.0>
INFO:root:Sleep event datetime.datetime(2026, 8, 11, 0, 0, 38) (datetime.datetime(2026, 8, 11, 4, 0, 38)) <RemSleepActivityLevels.rem_sleep: 2.0>
INFO:root:Sleep event datetime.datetime(2026, 8, 11, 0, 17, 38) (datetime.datetime(2026, 8, 11, 4, 17, 38)) <RemSleepActivityLevels.light_sleep: 1.0>
INFO:root:Sleep event datetime.datetime(2026, 8, 11, 0, 43, 38) (datetime.datetime(2026, 8, 11, 4, 43, 38)) <RemSleepActivityLevels.deep_sleep: 0.0>
INFO:root:Sleep event datetime.datetime(2026, 8, 11, 1, 12, 38) (datetime.datetime(2026, 8, 11, 5, 12, 38)) <RemSleepActivityLevels.light_sleep: 1.0>
INFO:root:Sleep event datetime.datetime(2026, 8, 11, 1, 41, 38) (datetime.datetime(2026, 8, 11, 5, 41, 38)) <RemSleepActivityLevels.rem_sleep: 2.0>
INFO:root:Sleep event datetime.datetime(2026, 8, 11, 1, 49, 38) (datetime.datetime(2026, 8, 11, 5, 49, 38)) <RemSleepActivityLevels.light_sleep: 1.0>
INFO:root:Sleep event datetime.datetime(2026, 8, 11, 2, 20, 38) (datetime.datetime(2026, 8, 11, 6, 20, 38)) <RemSleepActivityLevels.deep_sleep: 0.0>
INFO:root:Sleep event datetime.datetime(2026, 8, 11, 2, 35, 38) (datetime.datetime(2026, 8, 11, 6, 35, 38)) <RemSleepActivityLevels.light_sleep: 1.0>
INFO:root:Sleep event datetime.datetime(2026, 8, 11, 3, 15, 38) (datetime.datetime(2026, 8, 11, 7, 15, 38)) <RemSleepActivityLevels.rem_sleep: 2.0>
INFO:root:Sleep event datetime.datetime(2026, 8, 11, 3, 44, 38) (datetime.datetime(2026, 8, 11, 7, 44, 38)) <RemSleepActivityLevels.light_sleep: 1.0>
INFO:root:Sleep event datetime.datetime(2026, 8, 11, 4, 22, 38) (datetime.datetime(2026, 8, 11, 8, 22, 38)) <RemSleepActivityLevels.deep_sleep: 0.0>
INFO:root:Sleep event datetime.datetime(2026, 8, 11, 4, 44, 38) (datetime.datetime(2026, 8, 11, 8, 44, 38)) <RemSleepActivityLevels.light_sleep: 1.0>
INFO:root:Sleep event datetime.datetime(2026, 8, 11, 4, 51, 38) (datetime.datetime(2026, 8, 11, 8, 51, 38)) <RemSleepActivityLevels.rem_sleep: 2.0>
INFO:root:Sleep event datetime.datetime(2026, 8, 11, 5, 16, 38) (datetime.datetime(2026, 8, 11, 9, 16, 38)) <RemSleepActivityLevels.awake: 3.0>
INFO:root:Sleep event datetime.datetime(2026, 8, 11, 5, 21, 38) (datetime.datetime(2026, 8, 11, 9, 21, 38)) <RemSleepActivityLevels.light_sleep: 1.0>
INFO:root:Sleep event datetime.datetime(2026, 8, 11, 5, 31, 38) (datetime.datetime(2026, 8, 11, 9, 31, 38)) <RemSleepActivityLevels.rem_sleep: 2.0>
INFO:root:Sleep event datetime.datetime(2026, 8, 11, 5, 44, 38) (datetime.datetime(2026, 8, 11, 9, 44, 38)) <RemSleepActivityLevels.light_sleep: 1.0>
INFO:root:Sleep event datetime.datetime(2026, 8, 11, 5, 53, 38) (datetime.datetime(2026, 8, 11, 9, 53, 38)) <RemSleepActivityLevels.rem_sleep: 2.0>
INFO:root:Sleep event datetime.datetime(2026, 8, 11, 6, 4, 38) (datetime.datetime(2026, 8, 11, 10, 4, 38)) <RemSleepActivityLevels.light_sleep: 1.0>
INFO:root:DB updated with 30 entries from /home/kellen/.HealthData/Sleep/sleep_2026-08-11.json
INFO:root:Importing 2026-08-12 with REM data and UTC offset -14400.0
INFO:root:Sleep event datetime.datetime(2026, 8, 11, 21, 58, 20) (datetime.datetime(2026, 8, 12, 1, 58, 20)) <RemSleepActivityLevels.light_sleep: 1.0>
INFO:root:Sleep event datetime.datetime(2026, 8, 11, 22, 17, 20) (datetime.datetime(2026, 8, 12, 2, 17, 20)) <RemSleepActivityLevels.awake: 3.0>
INFO:root:Sleep event datetime.datetime(2026, 8, 11, 22, 20, 20) (datetime.datetime(2026, 8, 12, 2, 20, 20)) <RemSleepActivityLevels.light_sleep: 1.0>
INFO:root:Sleep event datetime.datetime(2026, 8, 11, 22, 26, 20) (datetime.datetime(2026, 8, 12, 2, 26, 20)) <RemSleepActivityLevels.deep_sleep: 0.0>
INFO:root:Sleep event datetime.datetime(2026, 8, 11, 22, 31, 20) (datetime.datetime(2026, 8, 12, 2, 31, 20)) <RemSleepActivityLevels.awake: 3.0>
INFO:root:Sleep event datetime.datetime(2026, 8, 11, 22, 35, 20) (datetime.datetime(2026, 8, 12, 2, 35, 20)) <RemSleepActivityLevels.light_sleep: 1.0>
INFO:root:Sleep event datetime.datetime(2026, 8, 11, 22, 45, 20) (datetime.datetime(2026, 8, 12, 2, 45, 20)) <RemSleepActivityLevels.awake: 3.0>
INFO:root:Sleep event datetime.datetime(2026, 8, 11, 22, 47, 20) (datetime.datetime(2026, 8, 12, 2, 47, 20)) <RemSleepActivityLevels.light_sleep: 1.0>
INFO:root:Sleep event datetime.datetime(2026, 8, 11, 23, 18, 20) (datetime.datetime(2026, 8, 12, 3, 18, 20)) <RemSleepActivityLevels.deep_sleep: 0.0>
INFO:root:Sleep event datetime.datetime(2026, 8, 12, 0, 7, 20) (datetime.datetime(2026, 8, 12, 4, 7, 20)) <RemSleepActivityLevels.light_sleep: 1.0>
INFO:root:Sleep event datetime.datetime(2026, 8, 12, 0, 15, 20) (datetime.datetime(2026, 8, 12, 4, 15, 20)) <RemSleepActivityLevels.rem_sleep: 2.0>
INFO:root:Sleep event datetime.datetime(2026, 8, 12, 0, 29, 20) (datetime.datetime(2026, 8, 12, 4, 29, 20)) <RemSleepActivityLevels.light_sleep: 1.0>
INFO:root:Sleep event datetime.datetime(2026, 8, 12, 0, 46, 20) (datetime.datetime(2026, 8, 12, 4, 46, 20)) <RemSleepActivityLevels.deep_sleep: 0.0>
INFO:root:Sleep event datetime.datetime(2026, 8, 12, 1, 15, 20) (datetime.datetime(2026, 8, 12, 5, 15, 20)) <RemSleepActivityLevels.light_sleep: 1.0>
INFO:root:Sleep event datetime.datetime(2026, 8, 12, 1, 37, 20) (datetime.datetime(2026, 8, 12, 5, 37, 20)) <RemSleepActivityLevels.rem_sleep: 2.0>
INFO:root:Sleep event datetime.datetime(2026, 8, 12, 2, 0, 20) (datetime.datetime(2026, 8, 12, 6, 0, 20)) <RemSleepActivityLevels.light_sleep: 1.0>
INFO:root:Sleep event datetime.datetime(2026, 8, 12, 2, 37, 20) (datetime.datetime(2026, 8, 12, 6, 37, 20)) <RemSleepActivityLevels.deep_sleep: 0.0>
INFO:root:Sleep event datetime.datetime(2026, 8, 12, 2, 47, 20) (datetime.datetime(2026, 8, 12, 6, 47, 20)) <RemSleepActivityLevels.light_sleep: 1.0>
INFO:root:Sleep event datetime.datetime(2026, 8, 12, 3, 13, 20) (datetime.datetime(2026, 8, 12, 7, 13, 20)) <RemSleepActivityLevels.rem_sleep: 2.0>
INFO:root:Sleep event datetime.datetime(2026, 8, 12, 3, 31, 20) (datetime.datetime(2026, 8, 12, 7, 31, 20)) <RemSleepActivityLevels.light_sleep: 1.0>
INFO:root:Sleep event datetime.datetime(2026, 8, 12, 3, 44, 20) (datetime.datetime(2026, 8, 12, 7, 44, 20)) <RemSleepActivityLevels.rem_sleep: 2.0>
INFO:root:Sleep event datetime.datetime(2026, 8, 12, 3, 55, 20) (datetime.datetime(2026, 8, 12, 7, 55, 20)) <RemSleepActivityLevels.light_sleep: 1.0>
INFO:root:Sleep event datetime.datetime(2026, 8, 12, 4, 33, 20) (datetime.datetime(2026, 8, 12, 8, 33, 20)) <RemSleepActivityLevels.rem_sleep: 2.0>
INFO:root:Sleep event datetime.datetime(2026, 8, 12, 4, 51, 20) (datetime.datetime(2026, 8, 12, 8, 51, 20)) <RemSleepActivityLevels.awake: 3.0>
INFO:root:Sleep event datetime.datetime(2026, 8, 12, 4, 52, 20) (datetime.datetime(2026, 8, 12, 8, 52, 20)) <RemSleepActivityLevels.light_sleep: 1.0>
INFO:root:Sleep event datetime.datetime(2026, 8, 12, 5, 6, 20) (datetime.datetime(2026, 8, 12, 9, 6, 20)) <RemSleepActivityLevels.awake: 3.0>
INFO:root:Sleep event datetime.datetime(2026, 8, 12, 5, 7, 20) (datetime.datetime(2026, 8, 12, 9, 7, 20)) <RemSleepActivityLevels.light_sleep: 1.0>
INFO:root:DB updated with 27 entries from /home/kellen/.HealthData/Sleep/sleep_2026-08-12.json
INFO:root:Importing 2026-08-09 with REM data and UTC offset -14400.0
INFO:root:Sleep event datetime.datetime(2026, 8, 8, 22, 38, 56) (datetime.datetime(2026, 8, 9, 2, 38, 56)) <RemSleepActivityLevels.light_sleep: 1.0>
INFO:root:Sleep event datetime.datetime(2026, 8, 8, 22, 48, 56) (datetime.datetime(2026, 8, 9, 2, 48, 56)) <RemSleepActivityLevels.deep_sleep: 0.0>
INFO:root:Sleep event datetime.datetime(2026, 8, 8, 23, 3, 56) (datetime.datetime(2026, 8, 9, 3, 3, 56)) <RemSleepActivityLevels.light_sleep: 1.0>
INFO:root:Sleep event datetime.datetime(2026, 8, 8, 23, 46, 56) (datetime.datetime(2026, 8, 9, 3, 46, 56)) <RemSleepActivityLevels.deep_sleep: 0.0>
INFO:root:Sleep event datetime.datetime(2026, 8, 9, 0, 19, 56) (datetime.datetime(2026, 8, 9, 4, 19, 56)) <RemSleepActivityLevels.light_sleep: 1.0>
INFO:root:Sleep event datetime.datetime(2026, 8, 9, 1, 47, 56) (datetime.datetime(2026, 8, 9, 5, 47, 56)) <RemSleepActivityLevels.deep_sleep: 0.0>
INFO:root:Sleep event datetime.datetime(2026, 8, 9, 1, 57, 56) (datetime.datetime(2026, 8, 9, 5, 57, 56)) <RemSleepActivityLevels.light_sleep: 1.0>
INFO:root:Sleep event datetime.datetime(2026, 8, 9, 2, 10, 56) (datetime.datetime(2026, 8, 9, 6, 10, 56)) <RemSleepActivityLevels.awake: 3.0>
INFO:root:Sleep event datetime.datetime(2026, 8, 9, 2, 15, 56) (datetime.datetime(2026, 8, 9, 6, 15, 56)) <RemSleepActivityLevels.light_sleep: 1.0>
INFO:root:Sleep event datetime.datetime(2026, 8, 9, 2, 51, 56) (datetime.datetime(2026, 8, 9, 6, 51, 56)) <RemSleepActivityLevels.deep_sleep: 0.0>
INFO:root:Sleep event datetime.datetime(2026, 8, 9, 2, 56, 56) (datetime.datetime(2026, 8, 9, 6, 56, 56)) <RemSleepActivityLevels.light_sleep: 1.0>
INFO:root:Sleep event datetime.datetime(2026, 8, 9, 3, 11, 56) (datetime.datetime(2026, 8, 9, 7, 11, 56)) <RemSleepActivityLevels.deep_sleep: 0.0>
INFO:root:Sleep event datetime.datetime(2026, 8, 9, 3, 24, 56) (datetime.datetime(2026, 8, 9, 7, 24, 56)) <RemSleepActivityLevels.light_sleep: 1.0>
INFO:root:Sleep event datetime.datetime(2026, 8, 9, 3, 32, 56) (datetime.datetime(2026, 8, 9, 7, 32, 56)) <RemSleepActivityLevels.rem_sleep: 2.0>
INFO:root:Sleep event datetime.datetime(2026, 8, 9, 3, 57, 56) (datetime.datetime(2026, 8, 9, 7, 57, 56)) <RemSleepActivityLevels.light_sleep: 1.0>
INFO:root:Sleep event datetime.datetime(2026, 8, 9, 4, 31, 56) (datetime.datetime(2026, 8, 9, 8, 31, 56)) <RemSleepActivityLevels.deep_sleep: 0.0>
INFO:root:Sleep event datetime.datetime(2026, 8, 9, 4, 41, 56) (datetime.datetime(2026, 8, 9, 8, 41, 56)) <RemSleepActivityLevels.light_sleep: 1.0>
INFO:root:Sleep event datetime.datetime(2026, 8, 9, 4, 54, 56) (datetime.datetime(2026, 8, 9, 8, 54, 56)) <RemSleepActivityLevels.rem_sleep: 2.0>
INFO:root:Sleep event datetime.datetime(2026, 8, 9, 5, 12, 56) (datetime.datetime(2026, 8, 9, 9, 12, 56)) <RemSleepActivityLevels.light_sleep: 1.0>
INFO:root:Sleep event datetime.datetime(2026, 8, 9, 5, 19, 56) (datetime.datetime(2026, 8, 9, 9, 19, 56)) <RemSleepActivityLevels.awake: 3.0>
INFO:root:Sleep event datetime.datetime(2026, 8, 9, 5, 20, 56) (datetime.datetime(2026, 8, 9, 9, 20, 56)) <RemSleepActivityLevels.light_sleep: 1.0>
INFO:root:Sleep event datetime.datetime(2026, 8, 9, 6, 21, 56) (datetime.datetime(2026, 8, 9, 10, 21, 56)) <RemSleepActivityLevels.awake: 3.0>
INFO:root:Sleep event datetime.datetime(2026, 8, 9, 6, 26, 56) (datetime.datetime(2026, 8, 9, 10, 26, 56)) <RemSleepActivityLevels.light_sleep: 1.0>
INFO:root:DB updated with 23 entries from /home/kellen/.HealthData/Sleep/sleep_2026-08-09.json
INFO:root:DB updated with 126 entries from 5 files.
INFO:/home/kellen/.cache/uv/environments-v2/garmindb-cli-b174125ee89b7976/lib/python3.12/site-packages/garmindb/import_monitoring.py:Processing rhr data
INFO:/home/kellen/.cache/uv/environments-v2/garmindb-cli-b174125ee89b7976/lib/python3.12/site-packages/idbutils/file_processor.py:Reading directory: /home/kellen/.HealthData/RHR looking for files matching rhr_\d{4}-\d{2}-\d{2}\.json and created after 2026-08-13 10:07:05.317806
INFO:root:Found 5 json files for rhr_\d{4}-\d{2}-\d{2}\.json in /home/kellen/.HealthData/RHR
INFO:root:Processing 5 json files
INFO:root:DB updated with 1 entries from /home/kellen/.HealthData/RHR/rhr_2026-08-09.json
INFO:root:DB updated with 1 entries from /home/kellen/.HealthData/RHR/rhr_2026-08-12.json
INFO:root:DB updated with 1 entries from /home/kellen/.HealthData/RHR/rhr_2026-08-10.json
INFO:root:DB updated with 1 entries from /home/kellen/.HealthData/RHR/rhr_2026-08-13.json
INFO:root:DB updated with 1 entries from /home/kellen/.HealthData/RHR/rhr_2026-08-11.json
INFO:root:DB updated with 5 entries from 5 files.
INFO:/home/kellen/.cache/uv/environments-v2/garmindb-cli-b174125ee89b7976/lib/python3.12/site-packages/garmindb/garmin_tcx_data.py:Processing activities tcx data
INFO:/home/kellen/.cache/uv/environments-v2/garmindb-cli-b174125ee89b7976/lib/python3.12/site-packages/idbutils/file_processor.py:Reading directory: /home/kellen/.HealthData/FitFiles/Activities looking for files matching .*\.tcx and created after 2026-08-13 10:07:05.330664
INFO:/home/kellen/.cache/uv/environments-v2/garmindb-cli-b174125ee89b7976/lib/python3.12/site-packages/garmindb/garmin_json_data.py:Processing latest activities summary data from /home/kellen/.HealthData/FitFiles/Activities
INFO:/home/kellen/.cache/uv/environments-v2/garmindb-cli-b174125ee89b7976/lib/python3.12/site-packages/idbutils/file_processor.py:Reading directory: /home/kellen/.HealthData/FitFiles/Activities looking for files matching activity_\d*\.json and created after 2026-08-13 10:07:05.331171
INFO:root:Found 4 json files for activity_\d*\.json in /home/kellen/.HealthData/FitFiles/Activities
INFO:idbutils.db_object:Found time_col_name start_time for table Activities
INFO:idbutils.db_object:Found time_col_name start_time for table ActivityLaps
INFO:idbutils.db_object:Found time_col_name start_time for table ActivitySplits
INFO:idbutils.db_object:Found time_col_name timestamp for table ActivityRecords
INFO:idbutils.db_object:Found time_col_name avg_pace for table StepsActivities
INFO:root:Processing 4 json files
INFO:root:DB updated with 1 entries from /home/kellen/.HealthData/FitFiles/Activities/activity_23965830472.json
INFO:root:DB updated with 1 entries from /home/kellen/.HealthData/FitFiles/Activities/activity_23926452362.json
INFO:root:DB updated with 1 entries from /home/kellen/.HealthData/FitFiles/Activities/activity_23941471126.json
INFO:root:DB updated with 1 entries from /home/kellen/.HealthData/FitFiles/Activities/activity_23953407045.json
INFO:root:DB updated with 4 entries from 4 files.
INFO:/home/kellen/.cache/uv/environments-v2/garmindb-cli-b174125ee89b7976/lib/python3.12/site-packages/garmindb/garmin_json_data.py:Processing activities detail data
INFO:/home/kellen/.cache/uv/environments-v2/garmindb-cli-b174125ee89b7976/lib/python3.12/site-packages/idbutils/file_processor.py:Reading directory: /home/kellen/.HealthData/FitFiles/Activities looking for files matching activity_details_\d*\.json and created after 2026-08-13 10:07:05.378093
INFO:root:Found 4 json files for activity_details_\d*\.json in /home/kellen/.HealthData/FitFiles/Activities
INFO:root:Processing 4 json files
INFO:root:DB updated with 1 entries from /home/kellen/.HealthData/FitFiles/Activities/activity_details_23953407045.json
INFO:root:DB updated with 1 entries from /home/kellen/.HealthData/FitFiles/Activities/activity_details_23926452362.json
INFO:root:DB updated with 1 entries from /home/kellen/.HealthData/FitFiles/Activities/activity_details_23965830472.json
INFO:root:DB updated with 1 entries from /home/kellen/.HealthData/FitFiles/Activities/activity_details_23941471126.json
INFO:root:DB updated with 4 entries from 4 files.
INFO:/home/kellen/.cache/uv/environments-v2/garmindb-cli-b174125ee89b7976/lib/python3.12/site-packages/garmindb/fit_data.py:Processing [<FileType.activity: 4>] FIT data from /home/kellen/.HealthData/FitFiles/Activities
INFO:/home/kellen/.cache/uv/environments-v2/garmindb-cli-b174125ee89b7976/lib/python3.12/site-packages/idbutils/file_processor.py:Reading directory: /home/kellen/.HealthData/FitFiles/Activities looking for files matching \w+\.(fit|FIT) and created after 2026-08-13 10:07:05.402515
INFO:root:Debug: 0
INFO:root:Importing /home/kellen/.HealthData/FitFiles/Activities/23941471126_ACTIVITY.fit (2026-08-11 15:01:07) [FileType.activity] with message types: [<MessageType.file_id: 0>, <MessageType.file_creator: 49>, <MessageType.activity: 34>, <MessageType.firstbeat: 140>, <MessageType.session: 18>, <MessageType.hr_zones_timer: 216>, <MessageType.lap: 19>, <MessageType.split: 312>, <UnknownMessageType.unknown_313: 313>, <UnknownMessageType.unknown_288: 288>, <UnknownMessageType.unknown_327: 327>, <UnknownMessageType.unknown_326: 326>, <MessageType.timestamp_correlation: 162>, <MessageType.event: 21>, <MessageType.device_info: 23>, <MessageType.source: 22>, <MessageType.unknown_141: 141>, <UnknownMessageType.unknown_394: 394>, <MessageType.device_settings: 2>, <MessageType.user_profile: 3>, <MessageType.sensor: 147>, <UnknownMessageType.unknown_79: 79>, <MessageType.sport: 12>, <MessageType.unknown_13: 13>, <MessageType.zones_target: 7>, <MessageType.training_file: 72>, <MessageType.workout: 26>, <MessageType.workout_step: 27>, <MessageType.record: 20>, <MessageType.unknown_233: 233>, <UnknownMessageType.unknown_325: 325>, <MessageType.gps_metadata: 160>, <MessageType.battery: 104>, <UnknownMessageType.unknown_499: 499>, <UnknownMessageType.unknown_428: 428>, <UnknownMessageType.unknown_113: 113>]
INFO:root:No entry handler _write_firstbeat_entry for known message type <MessageType.firstbeat: 140> (1) from /home/kellen/.HealthData/FitFiles/Activities/23941471126_ACTIVITY.fit: DataMessage: <MessageType.firstbeat: 140>: {'timestamp': datetime.datetime(2026, 8, 11, 20, 14, 16, tzinfo=datetime.timezone.utc), 'unknown_2': 6694080.0, 'unknown_3': 9510421.0, 'unknown_5': 146110.0, 'unknown_6': 59703296.0, 'metamax': 1025790, 'position_21': 0.0, 'position_24': 0.25028388015925884, 'unknown_26': 9510421.0, 'unknown_27': 1043141.0, 'unknown_28': 1043141.0, 'unknown_29': 1025790.0, 'unknown_32': 16060403.0, 'unknown_35': 4390366.0, 'unknown_36': 1143700.0, 'unknown_37': 9510421.0, 'unknown_38': 0.0, 'unknown_39': 9510421.0, 'unknown_40': 0.0, 'unknown_48': 1155399256.0, 'unknown_54': -65536.0, 'unknown_78': None, 'recovery_time': datetime.time(2, 24), 'unknown_10': 62407.0, 'unknown_43': 0.0, 'unknown_44': 0.0, 'unknown_45': 0.0, 'unknown_55': 181.0, 'unknown_57': 3.0, 'unknown_58': 4.0, 'unknown_60': 76.0, 'unknown_61': 66.0, 'unknown_62': 379.0, 'unknown_66': 0.0, 'unknown_67': 0.0, 'unknown_68': None, 'unknown_69': 1595.0, 'unknown_70': 3250.0, 'unknown_71': None, 'unknown_72': None, 'unknown_73': 1312.0, 'unknown_74': 61.0, 'unknown_75': 60.0, 'unknown_76': 0.0, 'unknown_77': 0.0, 'unknown_0': 123.0, 'max_heart_rate': 206.0, 'aerobic_training_effect': 3.6, 'unknown_8': 49.0, 'unknown_11': 1.0, 'unknown_12': 0.0, 'unknown_13': 0.0, 'unknown_17': 1.0, 'unknown_18': 4.0, 'unknown_19': 0.0, 'anaerobic_training_effect': 0.0, 'unknown_22': 9.0, 'unknown_23': 0.0, 'unknown_25': 52.0, 'unknown_30': 26.0, 'unknown_31': 64.0, 'unknown_33': 0.0, 'unknown_34': 1.0, 'unknown_41': 2.0, 'unknown_42': 61.0, 'unknown_46': 1.0, 'unknown_49': 74.0, 'unknown_50': 74.0, 'unknown_51': 0.0, 'unknown_52': 0.0, 'unknown_53': 204.0, 'unknown_56': 0.0, 'unknown_59': 0.0, 'unknown_63': 162.0, 'unknown_64': 83.0, 'unknown_65': 0.0, 'unknown_79': None}
INFO:root:writing hr zone data for /home/kellen/.HealthData/FitFiles/Activities/23941471126_ACTIVITY.fit
INFO:root:writing session hr zone data {'timestamp': datetime.datetime(2026, 8, 11, 19, 1, 7, tzinfo=datetime.timezone.utc), 'hr_zones_time': [datetime.time(0, 0, 19, 28000), datetime.time(0, 0, 20), datetime.time(0, 2, 12, 539000), datetime.time(0, 34, 9, 906000), datetime.time(0, 22, 21, 388000), datetime.time(0, 0), datetime.time(0, 0)], 'unknown_5': [31741.0, 545997.0, 2005521.0, 761615.0, 185986.0, 31999.0, 0.0, 0.0], 'unknown_9': [288.0, 355.0, 394.0, 443.0, 510.0, 4000.0, None, None], 'hr_zones_timer_type': <HeartRateZonesTimerType.session: 18>, 'record_num': 0, 'unknown_15': 443.0, 'hr_zones': [104, 125, 146, 166, 187, 208], 'hr_zones_method': <HeartRateZonesMethod.max_heart_rate: 1>, 'max_heart_rate': 208.0, 'min_heart_rate': 59.0, 'lactate_threshhold_heart_rate': 184.0, 'unknown_14': 1.0} for /home/kellen/.HealthData/FitFiles/Activities/23941471126_ACTIVITY.fit
INFO:root:writing hr zone data for /home/kellen/.HealthData/FitFiles/Activities/23941471126_ACTIVITY.fit
INFO:root:writing lap hr zone data {'timestamp': datetime.datetime(2026, 8, 11, 19, 1, 7, tzinfo=datetime.timezone.utc), 'hr_zones_time': [datetime.time(0, 0, 19, 28000), datetime.time(0, 0, 20), datetime.time(0, 1, 25, 2000), datetime.time(0, 6, 36, 999000), datetime.time(0, 0), datetime.time(0, 0), datetime.time(0, 0)], 'unknown_5': [15031.0, 123001.0, 262000.0, 110999.0, 9997.0, 0.0, 0.0, 0.0], 'unknown_9': [288.0, 355.0, 394.0, 443.0, 510.0, 4000.0, None, None], 'hr_zones_timer_type': <HeartRateZonesTimerType.lap: 19>, 'record_num': 0, 'unknown_15': 443.0, 'hr_zones': [104, 125, 146, 166, 187, 208], 'hr_zones_method': <HeartRateZonesMethod.max_heart_rate: 1>, 'max_heart_rate': 208.0, 'min_heart_rate': 59.0, 'lactate_threshhold_heart_rate': 184.0, 'unknown_14': 1.0} for /home/kellen/.HealthData/FitFiles/Activities/23941471126_ACTIVITY.fit
INFO:root:writing lap hr zone data {'activity_id': '23941471126', 'lap': 0, 'hr_zones_method': <HeartRateZonesMethod.max_heart_rate: 1>, 'hrz_1_time': datetime.time(0, 0, 20), 'hrz_2_time': datetime.time(0, 1, 25, 2000), 'hrz_3_time': datetime.time(0, 6, 36, 999000), 'hrz_4_time': datetime.time(0, 0), 'hrz_5_time': datetime.time(0, 0), 'hrz_1_hr': 104, 'hrz_2_hr': 125, 'hrz_3_hr': 146, 'hrz_4_hr': 166, 'hrz_5_hr': 187} for /home/kellen/.HealthData/FitFiles/Activities/23941471126_ACTIVITY.fit
INFO:root:writing hr zone data for /home/kellen/.HealthData/FitFiles/Activities/23941471126_ACTIVITY.fit
INFO:root:writing lap hr zone data {'timestamp': datetime.datetime(2026, 8, 11, 19, 1, 7, tzinfo=datetime.timezone.utc), 'hr_zones_time': [datetime.time(0, 0), datetime.time(0, 0), datetime.time(0, 0), datetime.time(0, 6, 52, 983000), datetime.time(0, 1, 38, 5000), datetime.time(0, 0), datetime.time(0, 0)], 'unknown_5': [0.0, 139008.0, 238984.0, 101995.0, 28001.0, 2999.0, 0.0, 0.0], 'unknown_9': [288.0, 355.0, 394.0, 443.0, 510.0, 4000.0, None, None], 'hr_zones_timer_type': <HeartRateZonesTimerType.lap: 19>, 'record_num': 1, 'unknown_15': 443.0, 'hr_zones': [104, 125, 146, 166, 187, 208], 'hr_zones_method': <HeartRateZonesMethod.max_heart_rate: 1>, 'max_heart_rate': 208.0, 'min_heart_rate': 59.0, 'lactate_threshhold_heart_rate': 184.0, 'unknown_14': 1.0} for /home/kellen/.HealthData/FitFiles/Activities/23941471126_ACTIVITY.fit
INFO:root:writing lap hr zone data {'activity_id': '23941471126', 'lap': 1, 'hr_zones_method': <HeartRateZonesMethod.max_heart_rate: 1>, 'hrz_1_time': datetime.time(0, 0), 'hrz_2_time': datetime.time(0, 0), 'hrz_3_time': datetime.time(0, 6, 52, 983000), 'hrz_4_time': datetime.time(0, 1, 38, 5000), 'hrz_5_time': datetime.time(0, 0), 'hrz_1_hr': 104, 'hrz_2_hr': 125, 'hrz_3_hr': 146, 'hrz_4_hr': 166, 'hrz_5_hr': 187} for /home/kellen/.HealthData/FitFiles/Activities/23941471126_ACTIVITY.fit
INFO:root:writing hr zone data for /home/kellen/.HealthData/FitFiles/Activities/23941471126_ACTIVITY.fit
INFO:root:writing lap hr zone data {'timestamp': datetime.datetime(2026, 8, 11, 19, 1, 7, tzinfo=datetime.timezone.utc), 'hr_zones_time': [datetime.time(0, 0), datetime.time(0, 0), datetime.time(0, 0), datetime.time(0, 8, 31, 991000), datetime.time(0, 0), datetime.time(0, 0), datetime.time(0, 0)], 'unknown_5': [0.0, 138990.0, 369001.0, 4000.0, 0.0, 0.0, 0.0, 0.0], 'unknown_9': [288.0, 355.0, 394.0, 443.0, 510.0, 4000.0, None, None], 'hr_zones_timer_type': <HeartRateZonesTimerType.lap: 19>, 'record_num': 2, 'unknown_15': 443.0, 'hr_zones': [104, 125, 146, 166, 187, 208], 'hr_zones_method': <HeartRateZonesMethod.max_heart_rate: 1>, 'max_heart_rate': 208.0, 'min_heart_rate': 59.0, 'lactate_threshhold_heart_rate': 184.0, 'unknown_14': 1.0} for /home/kellen/.HealthData/FitFiles/Activities/23941471126_ACTIVITY.fit
INFO:root:writing lap hr zone data {'activity_id': '23941471126', 'lap': 2, 'hr_zones_method': <HeartRateZonesMethod.max_heart_rate: 1>, 'hrz_1_time': datetime.time(0, 0), 'hrz_2_time': datetime.time(0, 0), 'hrz_3_time': datetime.time(0, 8, 31, 991000), 'hrz_4_time': datetime.time(0, 0), 'hrz_5_time': datetime.time(0, 0), 'hrz_1_hr': 104, 'hrz_2_hr': 125, 'hrz_3_hr': 146, 'hrz_4_hr': 166, 'hrz_5_hr': 187} for /home/kellen/.HealthData/FitFiles/Activities/23941471126_ACTIVITY.fit
INFO:root:writing hr zone data for /home/kellen/.HealthData/FitFiles/Activities/23941471126_ACTIVITY.fit
INFO:root:writing lap hr zone data {'timestamp': datetime.datetime(2026, 8, 11, 19, 1, 7, tzinfo=datetime.timezone.utc), 'hr_zones_time': [datetime.time(0, 0), datetime.time(0, 0), datetime.time(0, 0, 14, 998000), datetime.time(0, 6, 7, 32000), datetime.time(0, 2, 2, 558000), datetime.time(0, 0), datetime.time(0, 0)], 'unknown_5': [11160.0, 13000.0, 402569.0, 77859.0, 0.0, 0.0, 0.0, 0.0], 'unknown_9': [288.0, 355.0, 394.0, 443.0, 510.0, 4000.0, None, None], 'hr_zones_timer_type': <HeartRateZonesTimerType.lap: 19>, 'record_num': 3, 'unknown_15': 443.0, 'hr_zones': [104, 125, 146, 166, 187, 208], 'hr_zones_method': <HeartRateZonesMethod.max_heart_rate: 1>, 'max_heart_rate': 208.0, 'min_heart_rate': 59.0, 'lactate_threshhold_heart_rate': 184.0, 'unknown_14': 1.0} for /home/kellen/.HealthData/FitFiles/Activities/23941471126_ACTIVITY.fit
INFO:root:writing lap hr zone data {'activity_id': '23941471126', 'lap': 3, 'hr_zones_method': <HeartRateZonesMethod.max_heart_rate: 1>, 'hrz_1_time': datetime.time(0, 0), 'hrz_2_time': datetime.time(0, 0, 14, 998000), 'hrz_3_time': datetime.time(0, 6, 7, 32000), 'hrz_4_time': datetime.time(0, 2, 2, 558000), 'hrz_5_time': datetime.time(0, 0), 'hrz_1_hr': 104, 'hrz_2_hr': 125, 'hrz_3_hr': 146, 'hrz_4_hr': 166, 'hrz_5_hr': 187} for /home/kellen/.HealthData/FitFiles/Activities/23941471126_ACTIVITY.fit
INFO:root:writing hr zone data for /home/kellen/.HealthData/FitFiles/Activities/23941471126_ACTIVITY.fit
INFO:root:writing lap hr zone data {'timestamp': datetime.datetime(2026, 8, 11, 19, 1, 7, tzinfo=datetime.timezone.utc), 'hr_zones_time': [datetime.time(0, 0), datetime.time(0, 0), datetime.time(0, 0, 11, 550000), datetime.time(0, 3, 46, 902000), datetime.time(0, 4, 6), datetime.time(0, 0), datetime.time(0, 0)], 'unknown_5': [5550.0, 79001.0, 208993.0, 102908.0, 62000.0, 26000.0, 0.0, 0.0], 'unknown_9': [288.0, 355.0, 394.0, 443.0, 510.0, 4000.0, None, None], 'hr_zones_timer_type': <HeartRateZonesTimerType.lap: 19>, 'record_num': 4, 'unknown_15': 443.0, 'hr_zones': [104, 125, 146, 166, 187, 208], 'hr_zones_method': <HeartRateZonesMethod.max_heart_rate: 1>, 'max_heart_rate': 208.0, 'min_heart_rate': 59.0, 'lactate_threshhold_heart_rate': 184.0, 'unknown_14': 1.0} for /home/kellen/.HealthData/FitFiles/Activities/23941471126_ACTIVITY.fit
INFO:root:writing lap hr zone data {'activity_id': '23941471126', 'lap': 4, 'hr_zones_method': <HeartRateZonesMethod.max_heart_rate: 1>, 'hrz_1_time': datetime.time(0, 0), 'hrz_2_time': datetime.time(0, 0, 11, 550000), 'hrz_3_time': datetime.time(0, 3, 46, 902000), 'hrz_4_time': datetime.time(0, 4, 6), 'hrz_5_time': datetime.time(0, 0), 'hrz_1_hr': 104, 'hrz_2_hr': 125, 'hrz_3_hr': 146, 'hrz_4_hr': 166, 'hrz_5_hr': 187} for /home/kellen/.HealthData/FitFiles/Activities/23941471126_ACTIVITY.fit
INFO:root:writing hr zone data for /home/kellen/.HealthData/FitFiles/Activities/23941471126_ACTIVITY.fit
INFO:root:writing lap hr zone data {'timestamp': datetime.datetime(2026, 8, 11, 19, 1, 7, tzinfo=datetime.timezone.utc), 'hr_zones_time': [datetime.time(0, 0), datetime.time(0, 0), datetime.time(0, 0, 20, 989000), datetime.time(0, 2, 13, 999000), datetime.time(0, 5, 53), datetime.time(0, 0), datetime.time(0, 0)], 'unknown_5': [0.0, 44001.0, 322983.0, 86004.0, 52000.0, 3000.0, 0.0, 0.0], 'unknown_9': [288.0, 355.0, 394.0, 443.0, 510.0, 4000.0, None, None], 'hr_zones_timer_type': <HeartRateZonesTimerType.lap: 19>, 'record_num': 5, 'unknown_15': 443.0, 'hr_zones': [104, 125, 146, 166, 187, 208], 'hr_zones_method': <HeartRateZonesMethod.max_heart_rate: 1>, 'max_heart_rate': 208.0, 'min_heart_rate': 59.0, 'lactate_threshhold_heart_rate': 184.0, 'unknown_14': 1.0} for /home/kellen/.HealthData/FitFiles/Activities/23941471126_ACTIVITY.fit
INFO:root:writing lap hr zone data {'activity_id': '23941471126', 'lap': 5, 'hr_zones_method': <HeartRateZonesMethod.max_heart_rate: 1>, 'hrz_1_time': datetime.time(0, 0), 'hrz_2_time': datetime.time(0, 0, 20, 989000), 'hrz_3_time': datetime.time(0, 2, 13, 999000), 'hrz_4_time': datetime.time(0, 5, 53), 'hrz_5_time': datetime.time(0, 0), 'hrz_1_hr': 104, 'hrz_2_hr': 125, 'hrz_3_hr': 146, 'hrz_4_hr': 166, 'hrz_5_hr': 187} for /home/kellen/.HealthData/FitFiles/Activities/23941471126_ACTIVITY.fit
INFO:root:writing hr zone data for /home/kellen/.HealthData/FitFiles/Activities/23941471126_ACTIVITY.fit
INFO:root:writing lap hr zone data {'timestamp': datetime.datetime(2026, 8, 11, 19, 1, 7, tzinfo=datetime.timezone.utc), 'hr_zones_time': [datetime.time(0, 0), datetime.time(0, 0), datetime.time(0, 0), datetime.time(0, 0), datetime.time(0, 5, 18, 992000), datetime.time(0, 0), datetime.time(0, 0)], 'unknown_5': [0.0, 0.0, 164989.0, 129002.0, 25001.0, 0.0, 0.0, 0.0], 'unknown_9': [288.0, 355.0, 394.0, 443.0, 510.0, 4000.0, None, None], 'hr_zones_timer_type': <HeartRateZonesTimerType.lap: 19>, 'record_num': 6, 'unknown_15': 443.0, 'hr_zones': [104, 125, 146, 166, 187, 208], 'hr_zones_method': <HeartRateZonesMethod.max_heart_rate: 1>, 'max_heart_rate': 208.0, 'min_heart_rate': 59.0, 'lactate_threshhold_heart_rate': 184.0, 'unknown_14': 1.0} for /home/kellen/.HealthData/FitFiles/Activities/23941471126_ACTIVITY.fit
INFO:root:writing lap hr zone data {'activity_id': '23941471126', 'lap': 6, 'hr_zones_method': <HeartRateZonesMethod.max_heart_rate: 1>, 'hrz_1_time': datetime.time(0, 0), 'hrz_2_time': datetime.time(0, 0), 'hrz_3_time': datetime.time(0, 0), 'hrz_4_time': datetime.time(0, 5, 18, 992000), 'hrz_5_time': datetime.time(0, 0), 'hrz_1_hr': 104, 'hrz_2_hr': 125, 'hrz_3_hr': 146, 'hrz_4_hr': 166, 'hrz_5_hr': 187} for /home/kellen/.HealthData/FitFiles/Activities/23941471126_ACTIVITY.fit
INFO:root:writing hr zone data for /home/kellen/.HealthData/FitFiles/Activities/23941471126_ACTIVITY.fit
INFO:root:writing lap hr zone data {'timestamp': datetime.datetime(2026, 8, 11, 19, 1, 7, tzinfo=datetime.timezone.utc), 'hr_zones_time': [datetime.time(0, 0), datetime.time(0, 0), datetime.time(0, 0), datetime.time(0, 0), datetime.time(0, 3, 22, 833000), datetime.time(0, 0), datetime.time(0, 0)], 'unknown_5': [0.0, 8996.0, 36002.0, 148848.0, 8987.0, 0.0, 0.0, 0.0], 'unknown_9': [288.0, 355.0, 394.0, 443.0, 510.0, 4000.0, None, None], 'hr_zones_timer_type': <HeartRateZonesTimerType.lap: 19>, 'record_num': 7, 'unknown_15': 443.0, 'hr_zones': [104, 125, 146, 166, 187, 208], 'hr_zones_method': <HeartRateZonesMethod.max_heart_rate: 1>, 'max_heart_rate': 208.0, 'min_heart_rate': 59.0, 'lactate_threshhold_heart_rate': 184.0, 'unknown_14': 1.0} for /home/kellen/.HealthData/FitFiles/Activities/23941471126_ACTIVITY.fit
INFO:root:writing lap hr zone data {'activity_id': '23941471126', 'lap': 7, 'hr_zones_method': <HeartRateZonesMethod.max_heart_rate: 1>, 'hrz_1_time': datetime.time(0, 0), 'hrz_2_time': datetime.time(0, 0), 'hrz_3_time': datetime.time(0, 0), 'hrz_4_time': datetime.time(0, 3, 22, 833000), 'hrz_5_time': datetime.time(0, 0), 'hrz_1_hr': 104, 'hrz_2_hr': 125, 'hrz_3_hr': 146, 'hrz_4_hr': 166, 'hrz_5_hr': 187} for /home/kellen/.HealthData/FitFiles/Activities/23941471126_ACTIVITY.fit
INFO:root:writing hr zone data for /home/kellen/.HealthData/FitFiles/Activities/23941471126_ACTIVITY.fit
INFO:root:writing hr zone data for /home/kellen/.HealthData/FitFiles/Activities/23941471126_ACTIVITY.fit
INFO:root:writing hr zone data for /home/kellen/.HealthData/FitFiles/Activities/23941471126_ACTIVITY.fit
INFO:root:writing hr zone data for /home/kellen/.HealthData/FitFiles/Activities/23941471126_ACTIVITY.fit
INFO:root:writing hr zone data for /home/kellen/.HealthData/FitFiles/Activities/23941471126_ACTIVITY.fit
INFO:root:writing hr zone data for /home/kellen/.HealthData/FitFiles/Activities/23941471126_ACTIVITY.fit
INFO:root:writing hr zone data for /home/kellen/.HealthData/FitFiles/Activities/23941471126_ACTIVITY.fit
INFO:root:writing hr zone data for /home/kellen/.HealthData/FitFiles/Activities/23941471126_ACTIVITY.fit
INFO:root:writing hr zone data for /home/kellen/.HealthData/FitFiles/Activities/23941471126_ACTIVITY.fit
INFO:root:writing hr zone data for /home/kellen/.HealthData/FitFiles/Activities/23941471126_ACTIVITY.fit
INFO:root:writing hr zone data for /home/kellen/.HealthData/FitFiles/Activities/23941471126_ACTIVITY.fit
INFO:root:writing hr zone data for /home/kellen/.HealthData/FitFiles/Activities/23941471126_ACTIVITY.fit
INFO:root:writing hr zone data for /home/kellen/.HealthData/FitFiles/Activities/23941471126_ACTIVITY.fit
INFO:root:writing hr zone data for /home/kellen/.HealthData/FitFiles/Activities/23941471126_ACTIVITY.fit
INFO:root:writing hr zone data for /home/kellen/.HealthData/FitFiles/Activities/23941471126_ACTIVITY.fit
INFO:root:writing hr zone data for /home/kellen/.HealthData/FitFiles/Activities/23941471126_ACTIVITY.fit
INFO:root:writing hr zone data for /home/kellen/.HealthData/FitFiles/Activities/23941471126_ACTIVITY.fit
INFO:root:writing hr zone data for /home/kellen/.HealthData/FitFiles/Activities/23941471126_ACTIVITY.fit
INFO:root:writing hr zone data for /home/kellen/.HealthData/FitFiles/Activities/23941471126_ACTIVITY.fit
INFO:root:writing hr zone data for /home/kellen/.HealthData/FitFiles/Activities/23941471126_ACTIVITY.fit
INFO:root:writing hr zone data for /home/kellen/.HealthData/FitFiles/Activities/23941471126_ACTIVITY.fit
INFO:root:writing hr zone data for /home/kellen/.HealthData/FitFiles/Activities/23941471126_ACTIVITY.fit
INFO:root:writing hr zone data for /home/kellen/.HealthData/FitFiles/Activities/23941471126_ACTIVITY.fit
INFO:root:writing hr zone data for /home/kellen/.HealthData/FitFiles/Activities/23941471126_ACTIVITY.fit
INFO:root:writing hr zone data for /home/kellen/.HealthData/FitFiles/Activities/23941471126_ACTIVITY.fit
INFO:root:writing hr zone data for /home/kellen/.HealthData/FitFiles/Activities/23941471126_ACTIVITY.fit
INFO:root:writing hr zone data for /home/kellen/.HealthData/FitFiles/Activities/23941471126_ACTIVITY.fit
INFO:root:writing hr zone data for /home/kellen/.HealthData/FitFiles/Activities/23941471126_ACTIVITY.fit
INFO:root:No entry handler _write_timestamp_correlation_entry for known message type <MessageType.timestamp_correlation: 162> (28) from /home/kellen/.HealthData/FitFiles/Activities/23941471126_ACTIVITY.fit: DataMessage: <MessageType.timestamp_correlation: 162>: {'timestamp': datetime.datetime(2026, 8, 11, 19, 1, 7, tzinfo=datetime.timezone.utc), 'unknown_1': 1155409267.0, 'unknown_3': 1155394867.0}
INFO:root:Writing attribute: 0.0 -> 'active_time_zone' at datetime.datetime(2026, 8, 11, 15, 1, 7)
INFO:root:Writing attribute: <DateMode.month_day: 1> -> 'date_mode' at datetime.datetime(2026, 8, 11, 15, 1, 7)
INFO:root:Writing attribute: 0.0 -> 'time_zone' at datetime.datetime(2026, 8, 11, 15, 1, 7)
INFO:root:Writing attribute: <DateMode.month_day: 1> -> 'date_format' at datetime.datetime(2026, 8, 11, 15, 1, 7)
INFO:root:user profile message: {'wake_time': datetime.time(7, 0), 'sleep_time': datetime.time(23, 0), 'ts_41': datetime.datetime(2026, 8, 6, 19, 12, 10, tzinfo=datetime.timezone.utc), 'unknown_42': None, 'unknown_67': [75.0, 101.0, 108.0, 108.0, 101.0, 110.0, 32.0, 75.0, 97.0, 110.0, 97.0, 114.0, 105.0, 111.0, 115.0, None, None, None, None, None, None, None, None, None, None, None, None, None, None, None, None, None, None, None, None, None, None, None, None, None, None, None, None, None, None, None, None, None, None, None, None, None, None, None, None, None, None, None, None, None, None, None, None, None, None, None, None, None, None, None, None, None, None, None, None, None, None, None, None, None, None, None, None, None, None, None, None, None, None, None, None, None, None, None, None, None, None, None, None, None, None, None, None, None, None, None, None, None, None, None, None, None, None, None, None, None, None, None, None, None, None, None, None, None, None, None, None, None, None, None, None, None, None, None, None, None, None, None, None, None, None, None, None, None, None, None, None, None, None, None, None, None, None, None, None, None, None, None, None, None, None, None, None, None, None, None, None, None, None, None, None, None, None, None, None, None, None, None, None, None, None, None, None, None, None, None, None, None, None, None, None, None, None, None, None, None, None, None, None, None, None, None, None, None, None, None, None, None, None, None, None, None, None, None, None, None, None, None, None, None, None, None, None, None, None, None, None, None, None, None, None, None, None, None, None, None, None, None, None, None, None, None, None, None, None, None, None, None, None, None, None, None], 'weight': 184.96786970000002, 'user_running_step_length': None, 'user_walking_step_length': None, 'unknown_33': None, 'unknown_37': 138.0, 'unknown_38': None, 'unknown_0': [None, None, None, None, None, None, None, None, None, None, None, None, None, None, None, None, None, None, None, None, None, None, None, None, None], 'gender': <Gender.male: 1>, 'height': 6.167979012000001, 'language': <Language.English: 0>, 'elev_setting': <DisplayMeasure.statute: 1>, 'weight_setting': <DisplayMeasure.statute: 1>, 'resting_heart_rate': 59.0, 'hr_setting': <DisplayHeart.max: 1>, 'speed_setting': <DisplayMeasure.statute: 1>, 'dist_setting': <DisplayMeasure.statute: 1>, 'activity_class': '70', 'position_setting': <DisplayPosition.degree_minute_second: 2>, 'temperature_setting': <DisplayMeasure.statute: 1>, 'year_of_birth': 2002, 'height_setting': <DisplayMeasure.statute: 1>, 'unknown_36': 0.0, 'unknown_43': 0.0, 'unknown_44': 11.0, 'unknown_45': 4.0, 'depth_setting': <DisplayMeasure.statute: 1>, 'unknown_52': 0.0, 'unknown_53': 3.0, 'unknown_54': 4.0, 'unknown_57': 0.0, 'unknown_60': [0.0, 2.0, 0.0, 0.0, 0.0, 2.0, 0.0], 'unknown_62': 1.0, 'unknown_65': 0.0, 'unknown_66': 0.0, 'unknown_69': 0.0, 'unknown_70': 2.0}
INFO:root:Writing attribute: <Gender.male: 1> -> 'gender' at datetime.datetime(2026, 8, 11, 15, 1, 7)
INFO:root:Writing attribute: 6.167979012000001 -> 'height' at datetime.datetime(2026, 8, 11, 15, 1, 7)
INFO:root:Writing attribute: 184.96786970000002 -> 'weight' at datetime.datetime(2026, 8, 11, 15, 1, 7)
INFO:root:Writing attribute: 2002 -> 'year_of_birth' at datetime.datetime(2026, 8, 11, 15, 1, 7)
INFO:root:Writing attribute: <Language.English: 0> -> 'language' at datetime.datetime(2026, 8, 11, 15, 1, 7)
INFO:root:Writing attribute: <DisplayMeasure.statute: 1> -> 'dist_setting' at datetime.datetime(2026, 8, 11, 15, 1, 7)
INFO:root:Writing attribute: <DisplayMeasure.statute: 1> -> 'weight_setting' at datetime.datetime(2026, 8, 11, 15, 1, 7)
INFO:root:Writing attribute: <DisplayPosition.degree_minute_second: 2> -> 'position_setting' at datetime.datetime(2026, 8, 11, 15, 1, 7)
INFO:root:Writing attribute: <DisplayMeasure.statute: 1> -> 'elev_setting' at datetime.datetime(2026, 8, 11, 15, 1, 7)
INFO:root:Writing attribute: datetime.time(23, 0) -> 'sleep_time' at datetime.datetime(2026, 8, 11, 15, 1, 7)
INFO:root:Writing attribute: datetime.time(7, 0) -> 'wake_time' at datetime.datetime(2026, 8, 11, 15, 1, 7)
INFO:root:Writing attribute: <DisplayMeasure.statute: 1> -> 'speed_setting' at datetime.datetime(2026, 8, 11, 15, 1, 7)
INFO:root:Writing attribute: <DisplayMeasure.statute: 1> -> 'measurement_system' at datetime.datetime(2026, 8, 11, 15, 1, 7)
INFO:root:Writing attribute: <DisplayMeasure.statute: 1> -> 'measurement_system' at datetime.datetime(2026, 8, 11, 15, 1, 7)
INFO:root:Writing attribute: <DisplayMeasure.statute: 1> -> 'measurement_system' at datetime.datetime(2026, 8, 11, 15, 1, 7)
INFO:root:Writing attribute: <DisplayMeasure.statute: 1> -> 'measurement_system' at datetime.datetime(2026, 8, 11, 15, 1, 7)
INFO:root:No entry handler _write_workout_entry for known message type <MessageType.workout: 26> (1) from /home/kellen/.HealthData/FitFiles/Activities/23941471126_ACTIVITY.fit: DataMessage: <MessageType.workout: 26>: {'unknown_5': None, 'wkt_name': 'Base', 'unknown_10': 3360000.0, 'unknown_16': [0.0, 0.0, 0.0, 0.0, 0.0, 0.0, 0.0, 0.0, 0.0, 0.0, 0.0, 0.0, 0.0, 0.0, 0.0, 1.0], 'unknown_17': [56.0, 58.0, 52.0, 53.0, 47.0, 109.0, 105.0, None, None, None, None, None, None, None, None, None, None, None, None, None, None, None, None, None, None, None, None, None, None, None, None, None, None, None, None, None, None, None, None, None, None, None, None, None, None, None, None, None, None, None, None, None, None, None, None, None, None, None, None, None, None, None, None, None, None, None, None, None, None, None, None, None, None, None, None, None, None, None, None, None, None, None, None, None, None, None, None, None, None, None, None, None, None, None, None, None, None, None, None, None, None, None, None, None, None, None, None, None, None, None, None, None, None, None, None, None, None, None, None, None, None, None, None, None, None, None, None, None, None, None, None, None, None, None, None, None, None, None, None, None, None, None, None, None, None, None, None, None, None, None, None, None, None, None, None, None, None, None, None, None], 'num_valid_steps': 1, 'unknown_7': None, 'unknown_12': None, 'unknown_14': None, 'unknown_20': 0.0, 'unknown_4': 1.0, 'unknown_9': 0.0, 'unknown_11': 0.0, 'unknown_13': None, 'unknown_15': None, 'unknown_18': [None, None, None, None, None, None, None, None, None, None, None, None, None, None, None, None, None, None, None, None, None, None, None, None, None, None, None, None, None, None, None, None, None, None, None, None, None], 'unknown_19': 4.0}
INFO:root:No entry handler _write_workout_step_entry for known message type <MessageType.workout_step: 27> (1) from /home/kellen/.HealthData/FitFiles/Activities/23941471126_ACTIVITY.fit: DataMessage: <MessageType.workout_step: 27>: {'unknown_2': 3360000.0, 'unknown_4': 0.0, 'unknown_5': 2888.0, 'unknown_6': 3250.0, 'unknown_8': [None, None, None, None, None, None, None, None, None, None, None, None, None, None, None, None, None, None, None, None, None, None, None, None, None, None, None, None, None, None, None, None, None, None, None, None, None, None, None, None, None, None, None, None, None, None, None, None, None, None, None, None, None, None, None, None, None, None, None, None, None, None, None, None, None, None, None, None, None, None, None, None, None, None, None, None, None, None, None, None, None, None, None, None, None, None, None, None, None, None, None, None, None, None, None, None, None, None, None, None, None, None, None, None, None, None, None, None, None, None, None, None, None, None, None, None, None, None, None, None, None, None, None, None, None, None, None, None, None, None, None, None, None, None, None, None, None, None, None, None, None, None, None, None, None, None, None, None, None, None, None, None, None, None, None, None, None, None, None, None, None, None, None, None, None, None, None, None, None, None, None, None, None, None, None, None, None, None, None, None, None, None, None, None, None, None, None, None, None, None, None, None, None, None, None, None, None, None, None, None], 'unknown_20': None, 'unknown_21': None, 'unknown_22': None, 'unknown_38': None, 'message_index': {'selected': False, 'value': 0}, 'unknown_10': None, 'unknown_11': None, 'unknown_12': None, 'unknown_13': None, 'unknown_27': None, 'unknown_31': 0.0, 'unknown_0': [None, None, None, None, None, None, None, None, None, None, None, None, None, None, None, None, None, None, None, None, None, None, None, None, None, None, None, None, None, None], 'unknown_1': 0.0, 'unknown_3': 0.0, 'unknown_7': 5.0, 'unknown_9': None, 'unknown_17': None, 'unknown_18': None, 'unknown_19': None, 'unknown_26': None, 'unknown_28': [None, None, None, None, None, None, None, None, None, None, None, None, None, None, None, None, None, None, None, None, None, None, None, None, None, None, None, None, None, None, None, None, None, None, None, None, None], 'unknown_30': None, 'unknown_35': None, 'unknown_36': None}
INFO:root:No entry handler _write_gps_metadata_entry for known message type <MessageType.gps_metadata: 160> (4008) from /home/kellen/.HealthData/FitFiles/Activities/23941471126_ACTIVITY.fit: DataMessage: <MessageType.gps_metadata: 160>: {'unknown_3': 3540.0, 'unknown_4': 0.0}
INFO:root:Importing /home/kellen/.HealthData/FitFiles/Activities/23953407045_ACTIVITY.fit (2026-08-12 13:26:10) [FileType.activity] with message types: [<MessageType.file_id: 0>, <MessageType.file_creator: 49>, <MessageType.activity: 34>, <MessageType.firstbeat: 140>, <MessageType.session: 18>, <MessageType.hr_zones_timer: 216>, <MessageType.lap: 19>, <MessageType.split: 312>, <UnknownMessageType.unknown_313: 313>, <UnknownMessageType.unknown_288: 288>, <UnknownMessageType.unknown_327: 327>, <UnknownMessageType.unknown_326: 326>, <MessageType.timestamp_correlation: 162>, <MessageType.event: 21>, <MessageType.device_info: 23>, <MessageType.source: 22>, <MessageType.unknown_141: 141>, <UnknownMessageType.unknown_394: 394>, <MessageType.device_settings: 2>, <MessageType.user_profile: 3>, <MessageType.sensor: 147>, <UnknownMessageType.unknown_79: 79>, <MessageType.sport: 12>, <MessageType.unknown_13: 13>, <MessageType.zones_target: 7>, <MessageType.training_file: 72>, <MessageType.workout: 26>, <MessageType.workout_step: 27>, <MessageType.record: 20>, <MessageType.unknown_233: 233>, <MessageType.gps_metadata: 160>, <UnknownMessageType.unknown_325: 325>, <UnknownMessageType.unknown_499: 499>, <MessageType.battery: 104>, <UnknownMessageType.unknown_428: 428>, <UnknownMessageType.unknown_113: 113>]
INFO:root:No entry handler _write_firstbeat_entry for known message type <MessageType.firstbeat: 140> (1) from /home/kellen/.HealthData/FitFiles/Activities/23953407045_ACTIVITY.fit: DataMessage: <MessageType.firstbeat: 140>: {'timestamp': datetime.datetime(2026, 8, 12, 18, 31, 42, tzinfo=datetime.timezone.utc), 'unknown_2': 9838657.0, 'unknown_3': 9925882.0, 'unknown_5': 550110.0, 'unknown_6': 62849024.0, 'metamax': 1027608, 'position_21': 0.0, 'position_24': 0.25365768000483513, 'unknown_26': 9925882.0, 'unknown_27': 1045272.0, 'unknown_28': 1045272.0, 'unknown_29': 1027608.0, 'unknown_32': 15895144.0, 'unknown_35': 3932758.0, 'unknown_36': 1185900.0, 'unknown_37': 9925882.0, 'unknown_38': 0.0, 'unknown_39': 9925882.0, 'unknown_40': 0.0, 'unknown_48': 1155479502.0, 'unknown_54': -65536.0, 'unknown_78': None, 'recovery_time': datetime.time(4, 48), 'unknown_10': 62407.0, 'unknown_43': 0.0, 'unknown_44': -180.0, 'unknown_45': -9.0, 'unknown_55': 174.0, 'unknown_57': 3.0, 'unknown_58': 3.0, 'unknown_60': 66.0, 'unknown_61': 68.0, 'unknown_62': 379.0, 'unknown_66': 0.0, 'unknown_67': 0.0, 'unknown_68': None, 'unknown_69': 1546.0, 'unknown_70': 3263.0, 'unknown_71': None, 'unknown_72': None, 'unknown_73': 1384.0, 'unknown_74': 16.0, 'unknown_75': 32.0, 'unknown_76': 0.0, 'unknown_77': 0.0, 'unknown_0': 157.0, 'max_heart_rate': 206.0, 'aerobic_training_effect': 3.7, 'unknown_8': 48.0, 'unknown_11': 1.0, 'unknown_12': 0.0, 'unknown_13': 0.0, 'unknown_17': 0.0, 'unknown_18': 12.0, 'unknown_19': 0.0, 'anaerobic_training_effect': 0.0, 'unknown_22': 9.0, 'unknown_23': 0.0, 'unknown_25': 53.0, 'unknown_30': 26.0, 'unknown_31': 61.0, 'unknown_33': 0.0, 'unknown_34': 1.0, 'unknown_41': 2.0, 'unknown_42': 65.0, 'unknown_46': 8.0, 'unknown_49': 72.0, 'unknown_50': 73.0, 'unknown_51': 0.0, 'unknown_52': 0.0, 'unknown_53': 203.0, 'unknown_56': 0.0, 'unknown_59': 0.0, 'unknown_63': 164.0, 'unknown_64': 83.0, 'unknown_65': 0.0, 'unknown_79': None}
INFO:root:writing hr zone data for /home/kellen/.HealthData/FitFiles/Activities/23953407045_ACTIVITY.fit
INFO:root:writing session hr zone data {'timestamp': datetime.datetime(2026, 8, 12, 17, 26, 10, tzinfo=datetime.timezone.utc), 'hr_zones_time': [datetime.time(0, 0, 16, 100000), datetime.time(0, 0, 16), datetime.time(0, 1, 58, 985000), datetime.time(0, 30, 57, 351000), datetime.time(0, 28, 7, 76000), datetime.time(0, 0, 5), datetime.time(0, 0)], 'unknown_5': [17861.0, 817968.0, 1893613.0, 755761.0, 203307.0, 11999.0, 0.0, 0.0], 'unknown_9': [288.0, 355.0, 394.0, 443.0, 510.0, 4000.0, None, None], 'hr_zones_timer_type': <HeartRateZonesTimerType.session: 18>, 'record_num': 0, 'unknown_15': 443.0, 'hr_zones': [104, 125, 146, 166, 187, 208], 'hr_zones_method': <HeartRateZonesMethod.max_heart_rate: 1>, 'max_heart_rate': 208.0, 'min_heart_rate': 59.0, 'lactate_threshhold_heart_rate': 184.0, 'unknown_14': 1.0} for /home/kellen/.HealthData/FitFiles/Activities/23953407045_ACTIVITY.fit
INFO:root:writing hr zone data for /home/kellen/.HealthData/FitFiles/Activities/23953407045_ACTIVITY.fit
INFO:root:writing lap hr zone data {'timestamp': datetime.datetime(2026, 8, 12, 17, 26, 10, tzinfo=datetime.timezone.utc), 'hr_zones_time': [datetime.time(0, 0, 16, 100000), datetime.time(0, 0, 16), datetime.time(0, 1, 14), datetime.time(0, 6, 38, 3000), datetime.time(0, 0, 11, 998000), datetime.time(0, 0), datetime.time(0, 0)], 'unknown_5': [8101.0, 84996.0, 275000.0, 128002.0, 20001.0, 0.0, 0.0, 0.0], 'unknown_9': [288.0, 355.0, 394.0, 443.0, 510.0, 4000.0, None, None], 'hr_zones_timer_type': <HeartRateZonesTimerType.lap: 19>, 'record_num': 0, 'unknown_15': 443.0, 'hr_zones': [104, 125, 146, 166, 187, 208], 'hr_zones_method': <HeartRateZonesMethod.max_heart_rate: 1>, 'max_heart_rate': 208.0, 'min_heart_rate': 59.0, 'lactate_threshhold_heart_rate': 184.0, 'unknown_14': 1.0} for /home/kellen/.HealthData/FitFiles/Activities/23953407045_ACTIVITY.fit
INFO:root:writing lap hr zone data {'activity_id': '23953407045', 'lap': 0, 'hr_zones_method': <HeartRateZonesMethod.max_heart_rate: 1>, 'hrz_1_time': datetime.time(0, 0, 16), 'hrz_2_time': datetime.time(0, 1, 14), 'hrz_3_time': datetime.time(0, 6, 38, 3000), 'hrz_4_time': datetime.time(0, 0, 11, 998000), 'hrz_5_time': datetime.time(0, 0), 'hrz_1_hr': 104, 'hrz_2_hr': 125, 'hrz_3_hr': 146, 'hrz_4_hr': 166, 'hrz_5_hr': 187} for /home/kellen/.HealthData/FitFiles/Activities/23953407045_ACTIVITY.fit
INFO:root:writing hr zone data for /home/kellen/.HealthData/FitFiles/Activities/23953407045_ACTIVITY.fit
INFO:root:writing lap hr zone data {'timestamp': datetime.datetime(2026, 8, 12, 17, 26, 10, tzinfo=datetime.timezone.utc), 'hr_zones_time': [datetime.time(0, 0), datetime.time(0, 0), datetime.time(0, 0), datetime.time(0, 5, 21, 990000), datetime.time(0, 2, 59, 1000), datetime.time(0, 0), datetime.time(0, 0)], 'unknown_5': [0.0, 46996.0, 273007.0, 125978.0, 55010.0, 0.0, 0.0, 0.0], 'unknown_9': [288.0, 355.0, 394.0, 443.0, 510.0, 4000.0, None, None], 'hr_zones_timer_type': <HeartRateZonesTimerType.lap: 19>, 'record_num': 1, 'unknown_15': 443.0, 'hr_zones': [104, 125, 146, 166, 187, 208], 'hr_zones_method': <HeartRateZonesMethod.max_heart_rate: 1>, 'max_heart_rate': 208.0, 'min_heart_rate': 59.0, 'lactate_threshhold_heart_rate': 184.0, 'unknown_14': 1.0} for /home/kellen/.HealthData/FitFiles/Activities/23953407045_ACTIVITY.fit
INFO:root:writing lap hr zone data {'activity_id': '23953407045', 'lap': 1, 'hr_zones_method': <HeartRateZonesMethod.max_heart_rate: 1>, 'hrz_1_time': datetime.time(0, 0), 'hrz_2_time': datetime.time(0, 0), 'hrz_3_time': datetime.time(0, 5, 21, 990000), 'hrz_4_time': datetime.time(0, 2, 59, 1000), 'hrz_5_time': datetime.time(0, 0), 'hrz_1_hr': 104, 'hrz_2_hr': 125, 'hrz_3_hr': 146, 'hrz_4_hr': 166, 'hrz_5_hr': 187} for /home/kellen/.HealthData/FitFiles/Activities/23953407045_ACTIVITY.fit
INFO:root:writing hr zone data for /home/kellen/.HealthData/FitFiles/Activities/23953407045_ACTIVITY.fit
INFO:root:writing lap hr zone data {'timestamp': datetime.datetime(2026, 8, 12, 17, 26, 10, tzinfo=datetime.timezone.utc), 'hr_zones_time': [datetime.time(0, 0), datetime.time(0, 0), datetime.time(0, 0), datetime.time(0, 5, 11, 984000), datetime.time(0, 2, 52), datetime.time(0, 0), datetime.time(0, 0)], 'unknown_5': [0.0, 35993.0, 332996.0, 114995.0, 0.0, 0.0, 0.0, 0.0], 'unknown_9': [288.0, 355.0, 394.0, 443.0, 510.0, 4000.0, None, None], 'hr_zones_timer_type': <HeartRateZonesTimerType.lap: 19>, 'record_num': 2, 'unknown_15': 443.0, 'hr_zones': [104, 125, 146, 166, 187, 208], 'hr_zones_method': <HeartRateZonesMethod.max_heart_rate: 1>, 'max_heart_rate': 208.0, 'min_heart_rate': 59.0, 'lactate_threshhold_heart_rate': 184.0, 'unknown_14': 1.0} for /home/kellen/.HealthData/FitFiles/Activities/23953407045_ACTIVITY.fit
INFO:root:writing lap hr zone data {'activity_id': '23953407045', 'lap': 2, 'hr_zones_method': <HeartRateZonesMethod.max_heart_rate: 1>, 'hrz_1_time': datetime.time(0, 0), 'hrz_2_time': datetime.time(0, 0), 'hrz_3_time': datetime.time(0, 5, 11, 984000), 'hrz_4_time': datetime.time(0, 2, 52), 'hrz_5_time': datetime.time(0, 0), 'hrz_1_hr': 104, 'hrz_2_hr': 125, 'hrz_3_hr': 146, 'hrz_4_hr': 166, 'hrz_5_hr': 187} for /home/kellen/.HealthData/FitFiles/Activities/23953407045_ACTIVITY.fit
INFO:root:writing hr zone data for /home/kellen/.HealthData/FitFiles/Activities/23953407045_ACTIVITY.fit
INFO:root:writing lap hr zone data {'timestamp': datetime.datetime(2026, 8, 12, 17, 26, 10, tzinfo=datetime.timezone.utc), 'hr_zones_time': [datetime.time(0, 0), datetime.time(0, 0), datetime.time(0, 0, 44, 985000), datetime.time(0, 5, 40, 403000), datetime.time(0, 1, 57, 801000), datetime.time(0, 0), datetime.time(0, 0)], 'unknown_5': [9760.0, 75999.0, 358627.0, 46802.0, 12001.0, 0.0, 0.0, 0.0], 'unknown_9': [288.0, 355.0, 394.0, 443.0, 510.0, 4000.0, None, None], 'hr_zones_timer_type': <HeartRateZonesTimerType.lap: 19>, 'record_num': 3, 'unknown_15': 443.0, 'hr_zones': [104, 125, 146, 166, 187, 208], 'hr_zones_method': <HeartRateZonesMethod.max_heart_rate: 1>, 'max_heart_rate': 208.0, 'min_heart_rate': 59.0, 'lactate_threshhold_heart_rate': 184.0, 'unknown_14': 1.0} for /home/kellen/.HealthData/FitFiles/Activities/23953407045_ACTIVITY.fit
INFO:root:writing lap hr zone data {'activity_id': '23953407045', 'lap': 3, 'hr_zones_method': <HeartRateZonesMethod.max_heart_rate: 1>, 'hrz_1_time': datetime.time(0, 0), 'hrz_2_time': datetime.time(0, 0, 44, 985000), 'hrz_3_time': datetime.time(0, 5, 40, 403000), 'hrz_4_time': datetime.time(0, 1, 57, 801000), 'hrz_5_time': datetime.time(0, 0), 'hrz_1_hr': 104, 'hrz_2_hr': 125, 'hrz_3_hr': 146, 'hrz_4_hr': 166, 'hrz_5_hr': 187} for /home/kellen/.HealthData/FitFiles/Activities/23953407045_ACTIVITY.fit
INFO:root:writing hr zone data for /home/kellen/.HealthData/FitFiles/Activities/23953407045_ACTIVITY.fit
INFO:root:writing lap hr zone data {'timestamp': datetime.datetime(2026, 8, 12, 17, 26, 10, tzinfo=datetime.timezone.utc), 'hr_zones_time': [datetime.time(0, 0), datetime.time(0, 0), datetime.time(0, 0), datetime.time(0, 4, 35, 991000), datetime.time(0, 4, 0, 998000), datetime.time(0, 0), datetime.time(0, 0)], 'unknown_5': [0.0, 335002.0, 137988.0, 18997.0, 21001.0, 4001.0, 0.0, 0.0], 'unknown_9': [288.0, 355.0, 394.0, 443.0, 510.0, 4000.0, None, None], 'hr_zones_timer_type': <HeartRateZonesTimerType.lap: 19>, 'record_num': 4, 'unknown_15': 443.0, 'hr_zones': [104, 125, 146, 166, 187, 208], 'hr_zones_method': <HeartRateZonesMethod.max_heart_rate: 1>, 'max_heart_rate': 208.0, 'min_heart_rate': 59.0, 'lactate_threshhold_heart_rate': 184.0, 'unknown_14': 1.0} for /home/kellen/.HealthData/FitFiles/Activities/23953407045_ACTIVITY.fit
INFO:root:writing lap hr zone data {'activity_id': '23953407045', 'lap': 4, 'hr_zones_method': <HeartRateZonesMethod.max_heart_rate: 1>, 'hrz_1_time': datetime.time(0, 0), 'hrz_2_time': datetime.time(0, 0), 'hrz_3_time': datetime.time(0, 4, 35, 991000), 'hrz_4_time': datetime.time(0, 4, 0, 998000), 'hrz_5_time': datetime.time(0, 0), 'hrz_1_hr': 104, 'hrz_2_hr': 125, 'hrz_3_hr': 146, 'hrz_4_hr': 166, 'hrz_5_hr': 187} for /home/kellen/.HealthData/FitFiles/Activities/23953407045_ACTIVITY.fit
INFO:root:writing hr zone data for /home/kellen/.HealthData/FitFiles/Activities/23953407045_ACTIVITY.fit
INFO:root:writing lap hr zone data {'timestamp': datetime.datetime(2026, 8, 12, 17, 26, 10, tzinfo=datetime.timezone.utc), 'hr_zones_time': [datetime.time(0, 0), datetime.time(0, 0), datetime.time(0, 0), datetime.time(0, 2, 53, 982000), datetime.time(0, 5, 41, 4000), datetime.time(0, 0), datetime.time(0, 0)], 'unknown_5': [0.0, 190997.0, 205006.0, 87984.0, 25999.0, 4999.0, 0.0, 0.0], 'unknown_9': [288.0, 355.0, 394.0, 443.0, 510.0, 4000.0, None, None], 'hr_zones_timer_type': <HeartRateZonesTimerType.lap: 19>, 'record_num': 5, 'unknown_15': 443.0, 'hr_zones': [104, 125, 146, 166, 187, 208], 'hr_zones_method': <HeartRateZonesMethod.max_heart_rate: 1>, 'max_heart_rate': 208.0, 'min_heart_rate': 59.0, 'lactate_threshhold_heart_rate': 184.0, 'unknown_14': 1.0} for /home/kellen/.HealthData/FitFiles/Activities/23953407045_ACTIVITY.fit
INFO:root:writing lap hr zone data {'activity_id': '23953407045', 'lap': 5, 'hr_zones_method': <HeartRateZonesMethod.max_heart_rate: 1>, 'hrz_1_time': datetime.time(0, 0), 'hrz_2_time': datetime.time(0, 0), 'hrz_3_time': datetime.time(0, 2, 53, 982000), 'hrz_4_time': datetime.time(0, 5, 41, 4000), 'hrz_5_time': datetime.time(0, 0), 'hrz_1_hr': 104, 'hrz_2_hr': 125, 'hrz_3_hr': 146, 'hrz_4_hr': 166, 'hrz_5_hr': 187} for /home/kellen/.HealthData/FitFiles/Activities/23953407045_ACTIVITY.fit
INFO:root:writing hr zone data for /home/kellen/.HealthData/FitFiles/Activities/23953407045_ACTIVITY.fit
INFO:root:writing lap hr zone data {'timestamp': datetime.datetime(2026, 8, 12, 17, 26, 10, tzinfo=datetime.timezone.utc), 'hr_zones_time': [datetime.time(0, 0), datetime.time(0, 0), datetime.time(0, 0), datetime.time(0, 0, 26, 998000), datetime.time(0, 7, 59, 988000), datetime.time(0, 0), datetime.time(0, 0)], 'unknown_5': [0.0, 47985.0, 285000.0, 172000.0, 2000.0, 0.0, 0.0, 0.0], 'unknown_9': [288.0, 355.0, 394.0, 443.0, 510.0, 4000.0, None, None], 'hr_zones_timer_type': <HeartRateZonesTimerType.lap: 19>, 'record_num': 6, 'unknown_15': 443.0, 'hr_zones': [104, 125, 146, 166, 187, 208], 'hr_zones_method': <HeartRateZonesMethod.max_heart_rate: 1>, 'max_heart_rate': 208.0, 'min_heart_rate': 59.0, 'lactate_threshhold_heart_rate': 184.0, 'unknown_14': 1.0} for /home/kellen/.HealthData/FitFiles/Activities/23953407045_ACTIVITY.fit
INFO:root:writing lap hr zone data {'activity_id': '23953407045', 'lap': 6, 'hr_zones_method': <HeartRateZonesMethod.max_heart_rate: 1>, 'hrz_1_time': datetime.time(0, 0), 'hrz_2_time': datetime.time(0, 0), 'hrz_3_time': datetime.time(0, 0, 26, 998000), 'hrz_4_time': datetime.time(0, 7, 59, 988000), 'hrz_5_time': datetime.time(0, 0), 'hrz_1_hr': 104, 'hrz_2_hr': 125, 'hrz_3_hr': 146, 'hrz_4_hr': 166, 'hrz_5_hr': 187} for /home/kellen/.HealthData/FitFiles/Activities/23953407045_ACTIVITY.fit
INFO:root:writing hr zone data for /home/kellen/.HealthData/FitFiles/Activities/23953407045_ACTIVITY.fit
INFO:root:writing lap hr zone data {'timestamp': datetime.datetime(2026, 8, 12, 17, 26, 10, tzinfo=datetime.timezone.utc), 'hr_zones_time': [datetime.time(0, 0), datetime.time(0, 0), datetime.time(0, 0), datetime.time(0, 0, 8), datetime.time(0, 2, 24, 286000), datetime.time(0, 0, 5), datetime.time(0, 0)], 'unknown_5': [0.0, 0.0, 25989.0, 61003.0, 67295.0, 2999.0, 0.0, 0.0], 'unknown_9': [288.0, 355.0, 394.0, 443.0, 510.0, 4000.0, None, None], 'hr_zones_timer_type': <HeartRateZonesTimerType.lap: 19>, 'record_num': 7, 'unknown_15': 443.0, 'hr_zones': [104, 125, 146, 166, 187, 208], 'hr_zones_method': <HeartRateZonesMethod.max_heart_rate: 1>, 'max_heart_rate': 208.0, 'min_heart_rate': 59.0, 'lactate_threshhold_heart_rate': 184.0, 'unknown_14': 1.0} for /home/kellen/.HealthData/FitFiles/Activities/23953407045_ACTIVITY.fit
INFO:root:writing lap hr zone data {'activity_id': '23953407045', 'lap': 7, 'hr_zones_method': <HeartRateZonesMethod.max_heart_rate: 1>, 'hrz_1_time': datetime.time(0, 0), 'hrz_2_time': datetime.time(0, 0), 'hrz_3_time': datetime.time(0, 0, 8), 'hrz_4_time': datetime.time(0, 2, 24, 286000), 'hrz_5_time': datetime.time(0, 0, 5), 'hrz_1_hr': 104, 'hrz_2_hr': 125, 'hrz_3_hr': 146, 'hrz_4_hr': 166, 'hrz_5_hr': 187} for /home/kellen/.HealthData/FitFiles/Activities/23953407045_ACTIVITY.fit
INFO:root:writing hr zone data for /home/kellen/.HealthData/FitFiles/Activities/23953407045_ACTIVITY.fit
INFO:root:writing hr zone data for /home/kellen/.HealthData/FitFiles/Activities/23953407045_ACTIVITY.fit
INFO:root:writing hr zone data for /home/kellen/.HealthData/FitFiles/Activities/23953407045_ACTIVITY.fit
INFO:root:writing hr zone data for /home/kellen/.HealthData/FitFiles/Activities/23953407045_ACTIVITY.fit
INFO:root:writing hr zone data for /home/kellen/.HealthData/FitFiles/Activities/23953407045_ACTIVITY.fit
INFO:root:writing hr zone data for /home/kellen/.HealthData/FitFiles/Activities/23953407045_ACTIVITY.fit
INFO:root:writing hr zone data for /home/kellen/.HealthData/FitFiles/Activities/23953407045_ACTIVITY.fit
INFO:root:writing hr zone data for /home/kellen/.HealthData/FitFiles/Activities/23953407045_ACTIVITY.fit
INFO:root:writing hr zone data for /home/kellen/.HealthData/FitFiles/Activities/23953407045_ACTIVITY.fit
INFO:root:writing hr zone data for /home/kellen/.HealthData/FitFiles/Activities/23953407045_ACTIVITY.fit
INFO:root:writing hr zone data for /home/kellen/.HealthData/FitFiles/Activities/23953407045_ACTIVITY.fit
INFO:root:writing hr zone data for /home/kellen/.HealthData/FitFiles/Activities/23953407045_ACTIVITY.fit
INFO:root:writing hr zone data for /home/kellen/.HealthData/FitFiles/Activities/23953407045_ACTIVITY.fit
INFO:root:writing hr zone data for /home/kellen/.HealthData/FitFiles/Activities/23953407045_ACTIVITY.fit
INFO:root:writing hr zone data for /home/kellen/.HealthData/FitFiles/Activities/23953407045_ACTIVITY.fit
INFO:root:writing hr zone data for /home/kellen/.HealthData/FitFiles/Activities/23953407045_ACTIVITY.fit
INFO:root:writing hr zone data for /home/kellen/.HealthData/FitFiles/Activities/23953407045_ACTIVITY.fit
INFO:root:writing hr zone data for /home/kellen/.HealthData/FitFiles/Activities/23953407045_ACTIVITY.fit
INFO:root:No entry handler _write_timestamp_correlation_entry for known message type <MessageType.timestamp_correlation: 162> (1) from /home/kellen/.HealthData/FitFiles/Activities/23953407045_ACTIVITY.fit: DataMessage: <MessageType.timestamp_correlation: 162>: {'timestamp': datetime.datetime(2026, 8, 12, 17, 26, 10, tzinfo=datetime.timezone.utc), 'unknown_1': 1155489970.0, 'unknown_3': 1155475570.0}
INFO:root:Writing attribute: 0.0 -> 'active_time_zone' at datetime.datetime(2026, 8, 12, 13, 26, 10)
INFO:root:Writing attribute: <DateMode.month_day: 1> -> 'date_mode' at datetime.datetime(2026, 8, 12, 13, 26, 10)
INFO:root:Writing attribute: 0.0 -> 'time_zone' at datetime.datetime(2026, 8, 12, 13, 26, 10)
INFO:root:Writing attribute: <DateMode.month_day: 1> -> 'date_format' at datetime.datetime(2026, 8, 12, 13, 26, 10)
INFO:root:user profile message: {'wake_time': datetime.time(7, 0), 'sleep_time': datetime.time(23, 0), 'ts_41': datetime.datetime(2026, 8, 6, 19, 12, 10, tzinfo=datetime.timezone.utc), 'unknown_42': None, 'unknown_67': [75.0, 101.0, 108.0, 108.0, 101.0, 110.0, 32.0, 75.0, 97.0, 110.0, 97.0, 114.0, 105.0, 111.0, 115.0, None, None, None, None, None, None, None, None, None, None, None, None, None, None, None, None, None, None, None, None, None, None, None, None, None, None, None, None, None, None, None, None, None, None, None, None, None, None, None, None, None, None, None, None, None, None, None, None, None, None, None, None, None, None, None, None, None, None, None, None, None, None, None, None, None, None, None, None, None, None, None, None, None, None, None, None, None, None, None, None, None, None, None, None, None, None, None, None, None, None, None, None, None, None, None, None, None, None, None, None, None, None, None, None, None, None, None, None, None, None, None, None, None, None, None, None, None, None, None, None, None, None, None, None, None, None, None, None, None, None, None, None, None, None, None, None, None, None, None, None, None, None, None, None, None, None, None, None, None, None, None, None, None, None, None, None, None, None, None, None, None, None, None, None, None, None, None, None, None, None, None, None, None, None, None, None, None, None, None, None, None, None, None, None, None, None, None, None, None, None, None, None, None, None, None, None, None, None, None, None, None, None, None, None, None, None, None, None, None, None, None, None, None, None, None, None, None, None, None, None, None, None, None, None, None, None, None, None, None, None, None, None, None, None, None, None, None], 'weight': 184.96786970000002, 'user_running_step_length': None, 'user_walking_step_length': None, 'unknown_33': None, 'unknown_37': 138.0, 'unknown_38': None, 'unknown_0': [None, None, None, None, None, None, None, None, None, None, None, None, None, None, None, None, None, None, None, None, None, None, None, None, None], 'gender': <Gender.male: 1>, 'height': 6.167979012000001, 'language': <Language.English: 0>, 'elev_setting': <DisplayMeasure.statute: 1>, 'weight_setting': <DisplayMeasure.statute: 1>, 'resting_heart_rate': 59.0, 'hr_setting': <DisplayHeart.max: 1>, 'speed_setting': <DisplayMeasure.statute: 1>, 'dist_setting': <DisplayMeasure.statute: 1>, 'activity_class': '70', 'position_setting': <DisplayPosition.degree_minute_second: 2>, 'temperature_setting': <DisplayMeasure.statute: 1>, 'year_of_birth': 2002, 'height_setting': <DisplayMeasure.statute: 1>, 'unknown_36': 0.0, 'unknown_43': 0.0, 'unknown_44': 11.0, 'unknown_45': 4.0, 'depth_setting': <DisplayMeasure.statute: 1>, 'unknown_52': 0.0, 'unknown_53': 3.0, 'unknown_54': 4.0, 'unknown_57': 0.0, 'unknown_60': [0.0, 2.0, 0.0, 0.0, 0.0, 2.0, 0.0], 'unknown_62': 1.0, 'unknown_65': 0.0, 'unknown_66': 0.0, 'unknown_69': 0.0, 'unknown_70': 2.0}
INFO:root:Writing attribute: <Gender.male: 1> -> 'gender' at datetime.datetime(2026, 8, 12, 13, 26, 10)
INFO:root:Writing attribute: 6.167979012000001 -> 'height' at datetime.datetime(2026, 8, 12, 13, 26, 10)
INFO:root:Writing attribute: 184.96786970000002 -> 'weight' at datetime.datetime(2026, 8, 12, 13, 26, 10)
INFO:root:Writing attribute: 2002 -> 'year_of_birth' at datetime.datetime(2026, 8, 12, 13, 26, 10)
INFO:root:Writing attribute: <Language.English: 0> -> 'language' at datetime.datetime(2026, 8, 12, 13, 26, 10)
INFO:root:Writing attribute: <DisplayMeasure.statute: 1> -> 'dist_setting' at datetime.datetime(2026, 8, 12, 13, 26, 10)
INFO:root:Writing attribute: <DisplayMeasure.statute: 1> -> 'weight_setting' at datetime.datetime(2026, 8, 12, 13, 26, 10)
INFO:root:Writing attribute: <DisplayPosition.degree_minute_second: 2> -> 'position_setting' at datetime.datetime(2026, 8, 12, 13, 26, 10)
INFO:root:Writing attribute: <DisplayMeasure.statute: 1> -> 'elev_setting' at datetime.datetime(2026, 8, 12, 13, 26, 10)
INFO:root:Writing attribute: datetime.time(23, 0) -> 'sleep_time' at datetime.datetime(2026, 8, 12, 13, 26, 10)
INFO:root:Writing attribute: datetime.time(7, 0) -> 'wake_time' at datetime.datetime(2026, 8, 12, 13, 26, 10)
INFO:root:Writing attribute: <DisplayMeasure.statute: 1> -> 'speed_setting' at datetime.datetime(2026, 8, 12, 13, 26, 10)
INFO:root:Writing attribute: <DisplayMeasure.statute: 1> -> 'measurement_system' at datetime.datetime(2026, 8, 12, 13, 26, 10)
INFO:root:Writing attribute: <DisplayMeasure.statute: 1> -> 'measurement_system' at datetime.datetime(2026, 8, 12, 13, 26, 10)
INFO:root:Writing attribute: <DisplayMeasure.statute: 1> -> 'measurement_system' at datetime.datetime(2026, 8, 12, 13, 26, 10)
INFO:root:Writing attribute: <DisplayMeasure.statute: 1> -> 'measurement_system' at datetime.datetime(2026, 8, 12, 13, 26, 10)
INFO:root:No entry handler _write_workout_entry for known message type <MessageType.workout: 26> (1) from /home/kellen/.HealthData/FitFiles/Activities/23953407045_ACTIVITY.fit: DataMessage: <MessageType.workout: 26>: {'unknown_5': None, 'wkt_name': 'Base', 'unknown_10': 3720000.0, 'unknown_16': [0.0, 0.0, 0.0, 0.0, 0.0, 0.0, 0.0, 0.0, 0.0, 0.0, 0.0, 0.0, 0.0, 0.0, 0.0, 1.0], 'unknown_17': [56.0, 58.0, 52.0, 53.0, 47.0, 109.0, 105.0, None, None, None, None, None, None, None, None, None, None, None, None, None, None, None, None, None, None, None, None, None, None, None, None, None, None, None, None, None, None, None, None, None, None, None, None, None, None, None, None, None, None, None, None, None, None, None, None, None, None, None, None, None, None, None, None, None, None, None, None, None, None, None, None, None, None, None, None, None, None, None, None, None, None, None, None, None, None, None, None, None, None, None, None, None, None, None, None, None, None, None, None, None, None, None, None, None, None, None, None, None, None, None, None, None, None, None, None, None, None, None, None, None, None, None, None, None, None, None, None, None, None, None, None, None, None, None, None, None, None, None, None, None, None, None, None, None, None, None, None, None, None, None, None, None, None, None, None, None, None, None, None, None], 'num_valid_steps': 1, 'unknown_7': None, 'unknown_12': None, 'unknown_14': None, 'unknown_20': 0.0, 'unknown_4': 1.0, 'unknown_9': 0.0, 'unknown_11': 0.0, 'unknown_13': None, 'unknown_15': None, 'unknown_18': [None, None, None, None, None, None, None, None, None, None, None, None, None, None, None, None, None, None, None, None, None, None, None, None, None, None, None, None, None, None, None, None, None, None, None, None, None], 'unknown_19': 4.0}
INFO:root:No entry handler _write_workout_step_entry for known message type <MessageType.workout_step: 27> (1) from /home/kellen/.HealthData/FitFiles/Activities/23953407045_ACTIVITY.fit: DataMessage: <MessageType.workout_step: 27>: {'unknown_2': 3720000.0, 'unknown_4': 0.0, 'unknown_5': 2888.0, 'unknown_6': 3250.0, 'unknown_8': [None, None, None, None, None, None, None, None, None, None, None, None, None, None, None, None, None, None, None, None, None, None, None, None, None, None, None, None, None, None, None, None, None, None, None, None, None, None, None, None, None, None, None, None, None, None, None, None, None, None, None, None, None, None, None, None, None, None, None, None, None, None, None, None, None, None, None, None, None, None, None, None, None, None, None, None, None, None, None, None, None, None, None, None, None, None, None, None, None, None, None, None, None, None, None, None, None, None, None, None, None, None, None, None, None, None, None, None, None, None, None, None, None, None, None, None, None, None, None, None, None, None, None, None, None, None, None, None, None, None, None, None, None, None, None, None, None, None, None, None, None, None, None, None, None, None, None, None, None, None, None, None, None, None, None, None, None, None, None, None, None, None, None, None, None, None, None, None, None, None, None, None, None, None, None, None, None, None, None, None, None, None, None, None, None, None, None, None, None, None, None, None, None, None, None, None, None, None, None, None], 'unknown_20': None, 'unknown_21': None, 'unknown_22': None, 'unknown_38': None, 'message_index': {'selected': False, 'value': 0}, 'unknown_10': None, 'unknown_11': None, 'unknown_12': None, 'unknown_13': None, 'unknown_27': None, 'unknown_31': 0.0, 'unknown_0': [None, None, None, None, None, None, None, None, None, None, None, None, None, None, None, None, None, None, None, None, None, None, None, None, None, None, None, None, None, None], 'unknown_1': 0.0, 'unknown_3': 0.0, 'unknown_7': 5.0, 'unknown_9': None, 'unknown_17': None, 'unknown_18': None, 'unknown_19': None, 'unknown_26': None, 'unknown_28': [None, None, None, None, None, None, None, None, None, None, None, None, None, None, None, None, None, None, None, None, None, None, None, None, None, None, None, None, None, None, None, None, None, None, None, None, None], 'unknown_30': None, 'unknown_35': None, 'unknown_36': None}
INFO:root:No entry handler _write_gps_metadata_entry for known message type <MessageType.gps_metadata: 160> (3907) from /home/kellen/.HealthData/FitFiles/Activities/23953407045_ACTIVITY.fit: DataMessage: <MessageType.gps_metadata: 160>: {'unknown_3': 3732.0, 'unknown_4': 3519.0}
INFO:root:Importing /home/kellen/.HealthData/FitFiles/Activities/23965830472_ACTIVITY.fit (2026-08-13 13:10:00) [FileType.activity] with message types: [<MessageType.file_id: 0>, <MessageType.file_creator: 49>, <MessageType.activity: 34>, <MessageType.firstbeat: 140>, <MessageType.session: 18>, <MessageType.hr_zones_timer: 216>, <MessageType.lap: 19>, <MessageType.split: 312>, <UnknownMessageType.unknown_313: 313>, <UnknownMessageType.unknown_288: 288>, <UnknownMessageType.unknown_327: 327>, <UnknownMessageType.unknown_326: 326>, <MessageType.timestamp_correlation: 162>, <MessageType.event: 21>, <MessageType.device_info: 23>, <MessageType.source: 22>, <MessageType.unknown_141: 141>, <UnknownMessageType.unknown_394: 394>, <MessageType.device_settings: 2>, <MessageType.user_profile: 3>, <MessageType.sensor: 147>, <UnknownMessageType.unknown_79: 79>, <MessageType.sport: 12>, <MessageType.unknown_13: 13>, <MessageType.zones_target: 7>, <MessageType.training_file: 72>, <MessageType.workout: 26>, <MessageType.workout_step: 27>, <MessageType.record: 20>, <MessageType.gps_metadata: 160>, <UnknownMessageType.unknown_325: 325>, <MessageType.unknown_233: 233>, <UnknownMessageType.unknown_499: 499>, <MessageType.battery: 104>, <UnknownMessageType.unknown_428: 428>, <UnknownMessageType.unknown_113: 113>]
INFO:root:No entry handler _write_firstbeat_entry for known message type <MessageType.firstbeat: 140> (1) from /home/kellen/.HealthData/FitFiles/Activities/23965830472_ACTIVITY.fit: DataMessage: <MessageType.firstbeat: 140>: {'timestamp': datetime.datetime(2026, 8, 13, 18, 29, 53, tzinfo=datetime.timezone.utc), 'unknown_2': 2393052.0, 'unknown_3': 8117005.0, 'unknown_5': 133546.0, 'unknown_6': 61734912.0, 'metamax': 1029223, 'position_21': 0.0, 'position_24': 0.2562675531953573, 'unknown_26': 8117005.0, 'unknown_27': 1047221.0, 'unknown_28': 1047221.0, 'unknown_29': 1029223.0, 'unknown_32': 15906659.0, 'unknown_35': 4799387.0, 'unknown_36': 1155500.0, 'unknown_37': 8117005.0, 'unknown_38': 0.0, 'unknown_39': 8117005.0, 'unknown_40': 0.0, 'unknown_48': 1155565793.0, 'unknown_54': -65536.0, 'unknown_78': None, 'recovery_time': datetime.time(0, 14), 'unknown_10': 62407.0, 'unknown_43': 0.0, 'unknown_44': 0.0, 'unknown_45': 0.0, 'unknown_55': 168.0, 'unknown_57': 3.0, 'unknown_58': 2.0, 'unknown_60': 61.0, 'unknown_61': 62.0, 'unknown_62': 360.0, 'unknown_66': 0.0, 'unknown_67': 0.0, 'unknown_68': None, 'unknown_69': 1623.0, 'unknown_70': 3476.0, 'unknown_71': None, 'unknown_72': None, 'unknown_73': 1259.0, 'unknown_74': 22.0, 'unknown_75': 39.0, 'unknown_76': 0.0, 'unknown_77': 0.0, 'unknown_0': 96.0, 'max_heart_rate': 204.0, 'aerobic_training_effect': 3.4, 'unknown_8': 51.0, 'unknown_11': 1.0, 'unknown_12': 0.0, 'unknown_13': 0.0, 'unknown_17': 2.0, 'unknown_18': 20.0, 'unknown_19': 0.0, 'anaerobic_training_effect': 0.0, 'unknown_22': 8.0, 'unknown_23': 0.0, 'unknown_25': 49.0, 'unknown_30': 26.0, 'unknown_31': 55.0, 'unknown_33': 0.0, 'unknown_34': 1.0, 'unknown_41': 2.0, 'unknown_42': 55.0, 'unknown_46': 9.0, 'unknown_49': 77.0, 'unknown_50': 74.0, 'unknown_51': 0.0, 'unknown_52': 0.0, 'unknown_53': 201.0, 'unknown_56': 0.0, 'unknown_59': 0.0, 'unknown_63': 158.0, 'unknown_64': 83.0, 'unknown_65': 0.0, 'unknown_79': None}
INFO:root:writing hr zone data for /home/kellen/.HealthData/FitFiles/Activities/23965830472_ACTIVITY.fit
INFO:root:writing session hr zone data {'timestamp': datetime.datetime(2026, 8, 13, 17, 9, 55, tzinfo=datetime.timezone.utc), 'hr_zones_time': [datetime.time(0, 0, 10, 419000), datetime.time(0, 0, 33, 214000), datetime.time(0, 1, 6, 3000), datetime.time(0, 53, 16, 573000), datetime.time(0, 7, 59, 863000), datetime.time(0, 0), datetime.time(0, 0)], 'unknown_5': [13636.0, 1977955.0, 1252962.0, 437656.0, 103858.0, 0.0, 0.0, 0.0], 'unknown_9': [288.0, 355.0, 394.0, 443.0, 510.0, 4000.0, None, None], 'hr_zones_timer_type': <HeartRateZonesTimerType.session: 18>, 'record_num': 0, 'unknown_15': 443.0, 'hr_zones': [104, 124, 145, 166, 186, 207], 'hr_zones_method': <HeartRateZonesMethod.max_heart_rate: 1>, 'max_heart_rate': 207.0, 'min_heart_rate': 59.0, 'lactate_threshhold_heart_rate': 184.0, 'unknown_14': 1.0} for /home/kellen/.HealthData/FitFiles/Activities/23965830472_ACTIVITY.fit
INFO:root:writing hr zone data for /home/kellen/.HealthData/FitFiles/Activities/23965830472_ACTIVITY.fit
INFO:root:writing lap hr zone data {'timestamp': datetime.datetime(2026, 8, 13, 17, 9, 55, tzinfo=datetime.timezone.utc), 'hr_zones_time': [datetime.time(0, 0, 10, 419000), datetime.time(0, 0, 19, 998000), datetime.time(0, 0, 37), datetime.time(0, 7, 31, 2000), datetime.time(0, 0, 12, 999000), datetime.time(0, 0), datetime.time(0, 0)], 'unknown_5': [7417.0, 174998.0, 274997.0, 55003.0, 19002.0, 0.0, 0.0, 0.0], 'unknown_9': [288.0, 355.0, 394.0, 443.0, 510.0, 4000.0, None, None], 'hr_zones_timer_type': <HeartRateZonesTimerType.lap: 19>, 'record_num': 0, 'unknown_15': 443.0, 'hr_zones': [104, 124, 145, 166, 186, 207], 'hr_zones_method': <HeartRateZonesMethod.max_heart_rate: 1>, 'max_heart_rate': 207.0, 'min_heart_rate': 59.0, 'lactate_threshhold_heart_rate': 184.0, 'unknown_14': 1.0} for /home/kellen/.HealthData/FitFiles/Activities/23965830472_ACTIVITY.fit
INFO:root:writing lap hr zone data {'activity_id': '23965830472', 'lap': 0, 'hr_zones_method': <HeartRateZonesMethod.max_heart_rate: 1>, 'hrz_1_time': datetime.time(0, 0, 19, 998000), 'hrz_2_time': datetime.time(0, 0, 37), 'hrz_3_time': datetime.time(0, 7, 31, 2000), 'hrz_4_time': datetime.time(0, 0, 12, 999000), 'hrz_5_time': datetime.time(0, 0), 'hrz_1_hr': 104, 'hrz_2_hr': 124, 'hrz_3_hr': 145, 'hrz_4_hr': 166, 'hrz_5_hr': 186} for /home/kellen/.HealthData/FitFiles/Activities/23965830472_ACTIVITY.fit
INFO:root:writing hr zone data for /home/kellen/.HealthData/FitFiles/Activities/23965830472_ACTIVITY.fit
INFO:root:writing lap hr zone data {'timestamp': datetime.datetime(2026, 8, 13, 17, 9, 55, tzinfo=datetime.timezone.utc), 'hr_zones_time': [datetime.time(0, 0), datetime.time(0, 0), datetime.time(0, 0), datetime.time(0, 6, 55, 990000), datetime.time(0, 1, 52), datetime.time(0, 0), datetime.time(0, 0)], 'unknown_5': [0.0, 275009.0, 145995.0, 76985.0, 30000.0, 0.0, 0.0, 0.0], 'unknown_9': [288.0, 355.0, 394.0, 443.0, 510.0, 4000.0, None, None], 'hr_zones_timer_type': <HeartRateZonesTimerType.lap: 19>, 'record_num': 1, 'unknown_15': 443.0, 'hr_zones': [104, 124, 145, 166, 186, 207], 'hr_zones_method': <HeartRateZonesMethod.max_heart_rate: 1>, 'max_heart_rate': 207.0, 'min_heart_rate': 59.0, 'lactate_threshhold_heart_rate': 184.0, 'unknown_14': 1.0} for /home/kellen/.HealthData/FitFiles/Activities/23965830472_ACTIVITY.fit
INFO:root:writing lap hr zone data {'activity_id': '23965830472', 'lap': 1, 'hr_zones_method': <HeartRateZonesMethod.max_heart_rate: 1>, 'hrz_1_time': datetime.time(0, 0), 'hrz_2_time': datetime.time(0, 0), 'hrz_3_time': datetime.time(0, 6, 55, 990000), 'hrz_4_time': datetime.time(0, 1, 52), 'hrz_5_time': datetime.time(0, 0), 'hrz_1_hr': 104, 'hrz_2_hr': 124, 'hrz_3_hr': 145, 'hrz_4_hr': 166, 'hrz_5_hr': 186} for /home/kellen/.HealthData/FitFiles/Activities/23965830472_ACTIVITY.fit
INFO:root:writing hr zone data for /home/kellen/.HealthData/FitFiles/Activities/23965830472_ACTIVITY.fit
INFO:root:writing lap hr zone data {'timestamp': datetime.datetime(2026, 8, 13, 17, 9, 55, tzinfo=datetime.timezone.utc), 'hr_zones_time': [datetime.time(0, 0), datetime.time(0, 0), datetime.time(0, 0), datetime.time(0, 8, 50, 982000), datetime.time(0, 0), datetime.time(0, 0), datetime.time(0, 0)], 'unknown_5': [0.0, 388985.0, 135994.0, 6002.0, 0.0, 0.0, 0.0, 0.0], 'unknown_9': [288.0, 355.0, 394.0, 443.0, 510.0, 4000.0, None, None], 'hr_zones_timer_type': <HeartRateZonesTimerType.lap: 19>, 'record_num': 2, 'unknown_15': 443.0, 'hr_zones': [104, 124, 145, 166, 186, 207], 'hr_zones_method': <HeartRateZonesMethod.max_heart_rate: 1>, 'max_heart_rate': 207.0, 'min_heart_rate': 59.0, 'lactate_threshhold_heart_rate': 184.0, 'unknown_14': 1.0} for /home/kellen/.HealthData/FitFiles/Activities/23965830472_ACTIVITY.fit
INFO:root:writing lap hr zone data {'activity_id': '23965830472', 'lap': 2, 'hr_zones_method': <HeartRateZonesMethod.max_heart_rate: 1>, 'hrz_1_time': datetime.time(0, 0), 'hrz_2_time': datetime.time(0, 0), 'hrz_3_time': datetime.time(0, 8, 50, 982000), 'hrz_4_time': datetime.time(0, 0), 'hrz_5_time': datetime.time(0, 0), 'hrz_1_hr': 104, 'hrz_2_hr': 124, 'hrz_3_hr': 145, 'hrz_4_hr': 166, 'hrz_5_hr': 186} for /home/kellen/.HealthData/FitFiles/Activities/23965830472_ACTIVITY.fit
INFO:root:writing hr zone data for /home/kellen/.HealthData/FitFiles/Activities/23965830472_ACTIVITY.fit
INFO:root:writing lap hr zone data {'timestamp': datetime.datetime(2026, 8, 13, 17, 9, 55, tzinfo=datetime.timezone.utc), 'hr_zones_time': [datetime.time(0, 0), datetime.time(0, 0, 13, 216000), datetime.time(0, 0, 29, 3000), datetime.time(0, 8, 10, 655000), datetime.time(0, 0), datetime.time(0, 0), datetime.time(0, 0)], 'unknown_5': [6219.0, 333003.0, 153987.0, 39665.0, 0.0, 0.0, 0.0, 0.0], 'unknown_9': [288.0, 355.0, 394.0, 443.0, 510.0, 4000.0, None, None], 'hr_zones_timer_type': <HeartRateZonesTimerType.lap: 19>, 'record_num': 3, 'unknown_15': 443.0, 'hr_zones': [104, 124, 145, 166, 186, 207], 'hr_zones_method': <HeartRateZonesMethod.max_heart_rate: 1>, 'max_heart_rate': 207.0, 'min_heart_rate': 59.0, 'lactate_threshhold_heart_rate': 184.0, 'unknown_14': 1.0} for /home/kellen/.HealthData/FitFiles/Activities/23965830472_ACTIVITY.fit
INFO:root:writing lap hr zone data {'activity_id': '23965830472', 'lap': 3, 'hr_zones_method': <HeartRateZonesMethod.max_heart_rate: 1>, 'hrz_1_time': datetime.time(0, 0, 13, 216000), 'hrz_2_time': datetime.time(0, 0, 29, 3000), 'hrz_3_time': datetime.time(0, 8, 10, 655000), 'hrz_4_time': datetime.time(0, 0), 'hrz_5_time': datetime.time(0, 0), 'hrz_1_hr': 104, 'hrz_2_hr': 124, 'hrz_3_hr': 145, 'hrz_4_hr': 166, 'hrz_5_hr': 186} for /home/kellen/.HealthData/FitFiles/Activities/23965830472_ACTIVITY.fit
INFO:root:writing hr zone data for /home/kellen/.HealthData/FitFiles/Activities/23965830472_ACTIVITY.fit
INFO:root:writing lap hr zone data {'timestamp': datetime.datetime(2026, 8, 13, 17, 9, 55, tzinfo=datetime.timezone.utc), 'hr_zones_time': [datetime.time(0, 0), datetime.time(0, 0), datetime.time(0, 0), datetime.time(0, 9, 2, 984000), datetime.time(0, 0), datetime.time(0, 0), datetime.time(0, 0)], 'unknown_5': [0.0, 472980.0, 31011.0, 14992.0, 24000.0, 0.0, 0.0, 0.0], 'unknown_9': [288.0, 355.0, 394.0, 443.0, 510.0, 4000.0, None, None], 'hr_zones_timer_type': <HeartRateZonesTimerType.lap: 19>, 'record_num': 4, 'unknown_15': 443.0, 'hr_zones': [104, 124, 145, 166, 186, 207], 'hr_zones_method': <HeartRateZonesMethod.max_heart_rate: 1>, 'max_heart_rate': 207.0, 'min_heart_rate': 59.0, 'lactate_threshhold_heart_rate': 184.0, 'unknown_14': 1.0} for /home/kellen/.HealthData/FitFiles/Activities/23965830472_ACTIVITY.fit
INFO:root:writing lap hr zone data {'activity_id': '23965830472', 'lap': 4, 'hr_zones_method': <HeartRateZonesMethod.max_heart_rate: 1>, 'hrz_1_time': datetime.time(0, 0), 'hrz_2_time': datetime.time(0, 0), 'hrz_3_time': datetime.time(0, 9, 2, 984000), 'hrz_4_time': datetime.time(0, 0), 'hrz_5_time': datetime.time(0, 0), 'hrz_1_hr': 104, 'hrz_2_hr': 124, 'hrz_3_hr': 145, 'hrz_4_hr': 166, 'hrz_5_hr': 186} for /home/kellen/.HealthData/FitFiles/Activities/23965830472_ACTIVITY.fit
INFO:root:writing hr zone data for /home/kellen/.HealthData/FitFiles/Activities/23965830472_ACTIVITY.fit
INFO:root:writing lap hr zone data {'timestamp': datetime.datetime(2026, 8, 13, 17, 9, 55, tzinfo=datetime.timezone.utc), 'hr_zones_time': [datetime.time(0, 0), datetime.time(0, 0), datetime.time(0, 0), datetime.time(0, 6, 59, 989000), datetime.time(0, 1, 52, 2000), datetime.time(0, 0), datetime.time(0, 0)], 'unknown_5': [0.0, 249998.0, 225990.0, 50005.0, 5998.0, 0.0, 0.0, 0.0], 'unknown_9': [288.0, 355.0, 394.0, 443.0, 510.0, 4000.0, None, None], 'hr_zones_timer_type': <HeartRateZonesTimerType.lap: 19>, 'record_num': 5, 'unknown_15': 443.0, 'hr_zones': [104, 124, 145, 166, 186, 207], 'hr_zones_method': <HeartRateZonesMethod.max_heart_rate: 1>, 'max_heart_rate': 207.0, 'min_heart_rate': 59.0, 'lactate_threshhold_heart_rate': 184.0, 'unknown_14': 1.0} for /home/kellen/.HealthData/FitFiles/Activities/23965830472_ACTIVITY.fit
INFO:root:writing lap hr zone data {'activity_id': '23965830472', 'lap': 5, 'hr_zones_method': <HeartRateZonesMethod.max_heart_rate: 1>, 'hrz_1_time': datetime.time(0, 0), 'hrz_2_time': datetime.time(0, 0), 'hrz_3_time': datetime.time(0, 6, 59, 989000), 'hrz_4_time': datetime.time(0, 1, 52, 2000), 'hrz_5_time': datetime.time(0, 0), 'hrz_1_hr': 104, 'hrz_2_hr': 124, 'hrz_3_hr': 145, 'hrz_4_hr': 166, 'hrz_5_hr': 186} for /home/kellen/.HealthData/FitFiles/Activities/23965830472_ACTIVITY.fit
INFO:root:writing hr zone data for /home/kellen/.HealthData/FitFiles/Activities/23965830472_ACTIVITY.fit
INFO:root:writing lap hr zone data {'timestamp': datetime.datetime(2026, 8, 13, 17, 9, 55, tzinfo=datetime.timezone.utc), 'hr_zones_time': [datetime.time(0, 0), datetime.time(0, 0), datetime.time(0, 0), datetime.time(0, 3, 59, 986000), datetime.time(0, 0, 42, 2000), datetime.time(0, 0), datetime.time(0, 0)], 'unknown_5': [0.0, 55991.0, 173993.0, 52003.0, 0.0, 0.0, 0.0, 0.0], 'unknown_9': [288.0, 355.0, 394.0, 443.0, 510.0, 4000.0, None, None], 'hr_zones_timer_type': <HeartRateZonesTimerType.lap: 19>, 'record_num': 6, 'unknown_15': 443.0, 'hr_zones': [104, 124, 145, 166, 186, 207], 'hr_zones_method': <HeartRateZonesMethod.max_heart_rate: 1>, 'max_heart_rate': 207.0, 'min_heart_rate': 59.0, 'lactate_threshhold_heart_rate': 184.0, 'unknown_14': 1.0} for /home/kellen/.HealthData/FitFiles/Activities/23965830472_ACTIVITY.fit
INFO:root:writing lap hr zone data {'activity_id': '23965830472', 'lap': 6, 'hr_zones_method': <HeartRateZonesMethod.max_heart_rate: 1>, 'hrz_1_time': datetime.time(0, 0), 'hrz_2_time': datetime.time(0, 0), 'hrz_3_time': datetime.time(0, 3, 59, 986000), 'hrz_4_time': datetime.time(0, 0, 42, 2000), 'hrz_5_time': datetime.time(0, 0), 'hrz_1_hr': 104, 'hrz_2_hr': 124, 'hrz_3_hr': 145, 'hrz_4_hr': 166, 'hrz_5_hr': 186} for /home/kellen/.HealthData/FitFiles/Activities/23965830472_ACTIVITY.fit
INFO:root:writing hr zone data for /home/kellen/.HealthData/FitFiles/Activities/23965830472_ACTIVITY.fit
INFO:root:writing lap hr zone data {'timestamp': datetime.datetime(2026, 8, 13, 17, 9, 55, tzinfo=datetime.timezone.utc), 'hr_zones_time': [datetime.time(0, 0), datetime.time(0, 0), datetime.time(0, 0), datetime.time(0, 1, 44, 985000), datetime.time(0, 3, 20, 860000), datetime.time(0, 0), datetime.time(0, 0)], 'unknown_5': [0.0, 26991.0, 110995.0, 143001.0, 24858.0, 0.0, 0.0, 0.0], 'unknown_9': [288.0, 355.0, 394.0, 443.0, 510.0, 4000.0, None, None], 'hr_zones_timer_type': <HeartRateZonesTimerType.lap: 19>, 'record_num': 7, 'unknown_15': 443.0, 'hr_zones': [104, 124, 145, 166, 186, 207], 'hr_zones_method': <HeartRateZonesMethod.max_heart_rate: 1>, 'max_heart_rate': 207.0, 'min_heart_rate': 59.0, 'lactate_threshhold_heart_rate': 184.0, 'unknown_14': 1.0} for /home/kellen/.HealthData/FitFiles/Activities/23965830472_ACTIVITY.fit
INFO:root:writing lap hr zone data {'activity_id': '23965830472', 'lap': 7, 'hr_zones_method': <HeartRateZonesMethod.max_heart_rate: 1>, 'hrz_1_time': datetime.time(0, 0), 'hrz_2_time': datetime.time(0, 0), 'hrz_3_time': datetime.time(0, 1, 44, 985000), 'hrz_4_time': datetime.time(0, 3, 20, 860000), 'hrz_5_time': datetime.time(0, 0), 'hrz_1_hr': 104, 'hrz_2_hr': 124, 'hrz_3_hr': 145, 'hrz_4_hr': 166, 'hrz_5_hr': 186} for /home/kellen/.HealthData/FitFiles/Activities/23965830472_ACTIVITY.fit
INFO:root:writing hr zone data for /home/kellen/.HealthData/FitFiles/Activities/23965830472_ACTIVITY.fit
INFO:root:writing hr zone data for /home/kellen/.HealthData/FitFiles/Activities/23965830472_ACTIVITY.fit
INFO:root:writing hr zone data for /home/kellen/.HealthData/FitFiles/Activities/23965830472_ACTIVITY.fit
INFO:root:writing hr zone data for /home/kellen/.HealthData/FitFiles/Activities/23965830472_ACTIVITY.fit
INFO:root:writing hr zone data for /home/kellen/.HealthData/FitFiles/Activities/23965830472_ACTIVITY.fit
INFO:root:writing hr zone data for /home/kellen/.HealthData/FitFiles/Activities/23965830472_ACTIVITY.fit
INFO:root:writing hr zone data for /home/kellen/.HealthData/FitFiles/Activities/23965830472_ACTIVITY.fit
INFO:root:writing hr zone data for /home/kellen/.HealthData/FitFiles/Activities/23965830472_ACTIVITY.fit
INFO:root:writing hr zone data for /home/kellen/.HealthData/FitFiles/Activities/23965830472_ACTIVITY.fit
INFO:root:writing hr zone data for /home/kellen/.HealthData/FitFiles/Activities/23965830472_ACTIVITY.fit
INFO:root:writing hr zone data for /home/kellen/.HealthData/FitFiles/Activities/23965830472_ACTIVITY.fit
INFO:root:writing hr zone data for /home/kellen/.HealthData/FitFiles/Activities/23965830472_ACTIVITY.fit
INFO:root:writing hr zone data for /home/kellen/.HealthData/FitFiles/Activities/23965830472_ACTIVITY.fit
INFO:root:writing hr zone data for /home/kellen/.HealthData/FitFiles/Activities/23965830472_ACTIVITY.fit
INFO:root:writing hr zone data for /home/kellen/.HealthData/FitFiles/Activities/23965830472_ACTIVITY.fit
INFO:root:writing hr zone data for /home/kellen/.HealthData/FitFiles/Activities/23965830472_ACTIVITY.fit
INFO:root:writing hr zone data for /home/kellen/.HealthData/FitFiles/Activities/23965830472_ACTIVITY.fit
INFO:root:writing hr zone data for /home/kellen/.HealthData/FitFiles/Activities/23965830472_ACTIVITY.fit
INFO:root:writing hr zone data for /home/kellen/.HealthData/FitFiles/Activities/23965830472_ACTIVITY.fit
INFO:root:writing hr zone data for /home/kellen/.HealthData/FitFiles/Activities/23965830472_ACTIVITY.fit
INFO:root:writing hr zone data for /home/kellen/.HealthData/FitFiles/Activities/23965830472_ACTIVITY.fit
INFO:root:writing hr zone data for /home/kellen/.HealthData/FitFiles/Activities/23965830472_ACTIVITY.fit
INFO:root:writing hr zone data for /home/kellen/.HealthData/FitFiles/Activities/23965830472_ACTIVITY.fit
INFO:root:writing hr zone data for /home/kellen/.HealthData/FitFiles/Activities/23965830472_ACTIVITY.fit
INFO:root:writing hr zone data for /home/kellen/.HealthData/FitFiles/Activities/23965830472_ACTIVITY.fit
INFO:root:No entry handler _write_timestamp_correlation_entry for known message type <MessageType.timestamp_correlation: 162> (89) from /home/kellen/.HealthData/FitFiles/Activities/23965830472_ACTIVITY.fit: DataMessage: <MessageType.timestamp_correlation: 162>: {'timestamp': datetime.datetime(2026, 8, 13, 17, 9, 55, tzinfo=datetime.timezone.utc), 'unknown_1': 1155575394.0, 'unknown_3': 1155560995.0}
INFO:root:Writing attribute: 0.0 -> 'active_time_zone' at datetime.datetime(2026, 8, 13, 13, 10)
INFO:root:Writing attribute: <DateMode.month_day: 1> -> 'date_mode' at datetime.datetime(2026, 8, 13, 13, 10)
INFO:root:Writing attribute: 0.0 -> 'time_zone' at datetime.datetime(2026, 8, 13, 13, 10)
INFO:root:Writing attribute: <DateMode.month_day: 1> -> 'date_format' at datetime.datetime(2026, 8, 13, 13, 10)
INFO:root:user profile message: {'wake_time': datetime.time(7, 0), 'sleep_time': datetime.time(23, 0), 'ts_41': datetime.datetime(2026, 8, 6, 19, 12, 10, tzinfo=datetime.timezone.utc), 'unknown_42': None, 'unknown_67': [75.0, 101.0, 108.0, 108.0, 101.0, 110.0, 32.0, 75.0, 97.0, 110.0, 97.0, 114.0, 105.0, 111.0, 115.0, None, None, None, None, None, None, None, None, None, None, None, None, None, None, None, None, None, None, None, None, None, None, None, None, None, None, None, None, None, None, None, None, None, None, None, None, None, None, None, None, None, None, None, None, None, None, None, None, None, None, None, None, None, None, None, None, None, None, None, None, None, None, None, None, None, None, None, None, None, None, None, None, None, None, None, None, None, None, None, None, None, None, None, None, None, None, None, None, None, None, None, None, None, None, None, None, None, None, None, None, None, None, None, None, None, None, None, None, None, None, None, None, None, None, None, None, None, None, None, None, None, None, None, None, None, None, None, None, None, None, None, None, None, None, None, None, None, None, None, None, None, None, None, None, None, None, None, None, None, None, None, None, None, None, None, None, None, None, None, None, None, None, None, None, None, None, None, None, None, None, None, None, None, None, None, None, None, None, None, None, None, None, None, None, None, None, None, None, None, None, None, None, None, None, None, None, None, None, None, None, None, None, None, None, None, None, None, None, None, None, None, None, None, None, None, None, None, None, None, None, None, None, None, None, None, None, None, None, None, None, None, None, None, None, None, None, None], 'weight': 184.96786970000002, 'user_running_step_length': None, 'user_walking_step_length': None, 'unknown_33': None, 'unknown_37': 138.0, 'unknown_38': None, 'unknown_0': [None, None, None, None, None, None, None, None, None, None, None, None, None, None, None, None, None, None, None, None, None, None, None, None, None], 'gender': <Gender.male: 1>, 'height': 6.167979012000001, 'language': <Language.English: 0>, 'elev_setting': <DisplayMeasure.statute: 1>, 'weight_setting': <DisplayMeasure.statute: 1>, 'resting_heart_rate': 59.0, 'hr_setting': <DisplayHeart.max: 1>, 'speed_setting': <DisplayMeasure.statute: 1>, 'dist_setting': <DisplayMeasure.statute: 1>, 'activity_class': '70', 'position_setting': <DisplayPosition.degree_minute_second: 2>, 'temperature_setting': <DisplayMeasure.statute: 1>, 'year_of_birth': 2002, 'height_setting': <DisplayMeasure.statute: 1>, 'unknown_36': 0.0, 'unknown_43': 0.0, 'unknown_44': 11.0, 'unknown_45': 4.0, 'depth_setting': <DisplayMeasure.statute: 1>, 'unknown_52': 0.0, 'unknown_53': 3.0, 'unknown_54': 4.0, 'unknown_57': 0.0, 'unknown_60': [0.0, 2.0, 0.0, 0.0, 0.0, 2.0, 0.0], 'unknown_62': 1.0, 'unknown_65': 0.0, 'unknown_66': 0.0, 'unknown_69': 0.0, 'unknown_70': 2.0}
INFO:root:Writing attribute: <Gender.male: 1> -> 'gender' at datetime.datetime(2026, 8, 13, 13, 10)
INFO:root:Writing attribute: 6.167979012000001 -> 'height' at datetime.datetime(2026, 8, 13, 13, 10)
INFO:root:Writing attribute: 184.96786970000002 -> 'weight' at datetime.datetime(2026, 8, 13, 13, 10)
INFO:root:Writing attribute: 2002 -> 'year_of_birth' at datetime.datetime(2026, 8, 13, 13, 10)
INFO:root:Writing attribute: <Language.English: 0> -> 'language' at datetime.datetime(2026, 8, 13, 13, 10)
INFO:root:Writing attribute: <DisplayMeasure.statute: 1> -> 'dist_setting' at datetime.datetime(2026, 8, 13, 13, 10)
INFO:root:Writing attribute: <DisplayMeasure.statute: 1> -> 'weight_setting' at datetime.datetime(2026, 8, 13, 13, 10)
INFO:root:Writing attribute: <DisplayPosition.degree_minute_second: 2> -> 'position_setting' at datetime.datetime(2026, 8, 13, 13, 10)
INFO:root:Writing attribute: <DisplayMeasure.statute: 1> -> 'elev_setting' at datetime.datetime(2026, 8, 13, 13, 10)
INFO:root:Writing attribute: datetime.time(23, 0) -> 'sleep_time' at datetime.datetime(2026, 8, 13, 13, 10)
INFO:root:Writing attribute: datetime.time(7, 0) -> 'wake_time' at datetime.datetime(2026, 8, 13, 13, 10)
INFO:root:Writing attribute: <DisplayMeasure.statute: 1> -> 'speed_setting' at datetime.datetime(2026, 8, 13, 13, 10)
INFO:root:Writing attribute: <DisplayMeasure.statute: 1> -> 'measurement_system' at datetime.datetime(2026, 8, 13, 13, 10)
INFO:root:Writing attribute: <DisplayMeasure.statute: 1> -> 'measurement_system' at datetime.datetime(2026, 8, 13, 13, 10)
INFO:root:Writing attribute: <DisplayMeasure.statute: 1> -> 'measurement_system' at datetime.datetime(2026, 8, 13, 13, 10)
INFO:root:Writing attribute: <DisplayMeasure.statute: 1> -> 'measurement_system' at datetime.datetime(2026, 8, 13, 13, 10)
INFO:root:No entry handler _write_workout_entry for known message type <MessageType.workout: 26> (1) from /home/kellen/.HealthData/FitFiles/Activities/23965830472_ACTIVITY.fit: DataMessage: <MessageType.workout: 26>: {'unknown_5': None, 'wkt_name': 'Base', 'unknown_10': 3480000.0, 'unknown_16': [0.0, 0.0, 0.0, 0.0, 0.0, 0.0, 0.0, 0.0, 0.0, 0.0, 0.0, 0.0, 0.0, 0.0, 0.0, 1.0], 'unknown_17': [56.0, 58.0, 52.0, 53.0, 47.0, 109.0, 105.0, None, None, None, None, None, None, None, None, None, None, None, None, None, None, None, None, None, None, None, None, None, None, None, None, None, None, None, None, None, None, None, None, None, None, None, None, None, None, None, None, None, None, None, None, None, None, None, None, None, None, None, None, None, None, None, None, None, None, None, None, None, None, None, None, None, None, None, None, None, None, None, None, None, None, None, None, None, None, None, None, None, None, None, None, None, None, None, None, None, None, None, None, None, None, None, None, None, None, None, None, None, None, None, None, None, None, None, None, None, None, None, None, None, None, None, None, None, None, None, None, None, None, None, None, None, None, None, None, None, None, None, None, None, None, None, None, None, None, None, None, None, None, None, None, None, None, None, None, None, None, None, None, None], 'num_valid_steps': 1, 'unknown_7': None, 'unknown_12': None, 'unknown_14': None, 'unknown_20': 0.0, 'unknown_4': 1.0, 'unknown_9': 0.0, 'unknown_11': 0.0, 'unknown_13': None, 'unknown_15': None, 'unknown_18': [None, None, None, None, None, None, None, None, None, None, None, None, None, None, None, None, None, None, None, None, None, None, None, None, None, None, None, None, None, None, None, None, None, None, None, None, None], 'unknown_19': 4.0}
INFO:root:No entry handler _write_workout_step_entry for known message type <MessageType.workout_step: 27> (1) from /home/kellen/.HealthData/FitFiles/Activities/23965830472_ACTIVITY.fit: DataMessage: <MessageType.workout_step: 27>: {'unknown_2': 3480000.0, 'unknown_4': 0.0, 'unknown_5': 2888.0, 'unknown_6': 3250.0, 'unknown_8': [None, None, None, None, None, None, None, None, None, None, None, None, None, None, None, None, None, None, None, None, None, None, None, None, None, None, None, None, None, None, None, None, None, None, None, None, None, None, None, None, None, None, None, None, None, None, None, None, None, None, None, None, None, None, None, None, None, None, None, None, None, None, None, None, None, None, None, None, None, None, None, None, None, None, None, None, None, None, None, None, None, None, None, None, None, None, None, None, None, None, None, None, None, None, None, None, None, None, None, None, None, None, None, None, None, None, None, None, None, None, None, None, None, None, None, None, None, None, None, None, None, None, None, None, None, None, None, None, None, None, None, None, None, None, None, None, None, None, None, None, None, None, None, None, None, None, None, None, None, None, None, None, None, None, None, None, None, None, None, None, None, None, None, None, None, None, None, None, None, None, None, None, None, None, None, None, None, None, None, None, None, None, None, None, None, None, None, None, None, None, None, None, None, None, None, None, None, None, None, None], 'unknown_20': None, 'unknown_21': None, 'unknown_22': None, 'unknown_38': None, 'message_index': {'selected': False, 'value': 0}, 'unknown_10': None, 'unknown_11': None, 'unknown_12': None, 'unknown_13': None, 'unknown_27': None, 'unknown_31': 0.0, 'unknown_0': [None, None, None, None, None, None, None, None, None, None, None, None, None, None, None, None, None, None, None, None, None, None, None, None, None, None, None, None, None, None], 'unknown_1': 0.0, 'unknown_3': 0.0, 'unknown_7': 5.0, 'unknown_9': None, 'unknown_17': None, 'unknown_18': None, 'unknown_19': None, 'unknown_26': None, 'unknown_28': [None, None, None, None, None, None, None, None, None, None, None, None, None, None, None, None, None, None, None, None, None, None, None, None, None, None, None, None, None, None, None, None, None, None, None, None, None], 'unknown_30': None, 'unknown_35': None, 'unknown_36': None}
INFO:root:No entry handler _write_gps_metadata_entry for known message type <MessageType.gps_metadata: 160> (4694) from /home/kellen/.HealthData/FitFiles/Activities/23965830472_ACTIVITY.fit: DataMessage: <MessageType.gps_metadata: 160>: {'unknown_3': 3648.0, 'unknown_4': 1364.0}
INFO:root:Importing /home/kellen/.HealthData/FitFiles/Activities/23926452362_ACTIVITY.fit (2026-08-10 13:33:58) [FileType.activity] with message types: [<MessageType.file_id: 0>, <MessageType.file_creator: 49>, <MessageType.activity: 34>, <MessageType.firstbeat: 140>, <MessageType.session: 18>, <MessageType.hr_zones_timer: 216>, <MessageType.lap: 19>, <MessageType.split: 312>, <UnknownMessageType.unknown_313: 313>, <UnknownMessageType.unknown_288: 288>, <UnknownMessageType.unknown_327: 327>, <UnknownMessageType.unknown_326: 326>, <MessageType.timestamp_correlation: 162>, <MessageType.event: 21>, <MessageType.device_info: 23>, <MessageType.source: 22>, <MessageType.unknown_141: 141>, <UnknownMessageType.unknown_394: 394>, <MessageType.device_settings: 2>, <MessageType.user_profile: 3>, <MessageType.sensor: 147>, <UnknownMessageType.unknown_79: 79>, <MessageType.sport: 12>, <MessageType.unknown_13: 13>, <MessageType.zones_target: 7>, <MessageType.record: 20>, <MessageType.unknown_233: 233>, <MessageType.gps_metadata: 160>, <UnknownMessageType.unknown_325: 325>, <UnknownMessageType.unknown_499: 499>, <MessageType.battery: 104>, <UnknownMessageType.unknown_113: 113>]
INFO:root:No entry handler _write_firstbeat_entry for known message type <MessageType.firstbeat: 140> (1) from /home/kellen/.HealthData/FitFiles/Activities/23926452362_ACTIVITY.fit: DataMessage: <MessageType.firstbeat: 140>: {'timestamp': datetime.datetime(2026, 8, 10, 18, 6, 36, tzinfo=datetime.timezone.utc), 'unknown_2': 2405597.0, 'unknown_3': 2438012.0, 'unknown_5': 800821.0, 'unknown_6': 26476544.0, 'metamax': 1024025, 'position_21': 0.0, 'position_24': 0.24203332141041756, 'unknown_26': 2438012.0, 'unknown_27': 1041001.0, 'unknown_28': 1041001.0, 'unknown_29': 1024025.0, 'unknown_32': 16206875.0, 'unknown_35': 1958590.0, 'unknown_36': 502400.0, 'unknown_37': 2438012.0, 'unknown_38': 0.0, 'unknown_39': 2438012.0, 'unknown_40': 0.0, 'unknown_48': 1155305196.0, 'unknown_54': 0.0, 'unknown_78': None, 'recovery_time': datetime.time(14, 35), 'unknown_10': 62407.0, 'unknown_43': 0.0, 'unknown_44': -300.0, 'unknown_45': 0.0, 'unknown_55': 178.0, 'unknown_57': 3.0, 'unknown_58': 0.0, 'unknown_60': 30.0, 'unknown_61': 33.0, 'unknown_62': 307.0, 'unknown_66': 0.0, 'unknown_67': 0.0, 'unknown_68': None, 'unknown_69': 1930.0, 'unknown_70': None, 'unknown_71': None, 'unknown_72': None, 'unknown_73': 504.0, 'unknown_74': 9.0, 'unknown_75': 22.0, 'unknown_76': 6.0, 'unknown_77': 0.0, 'unknown_0': 146.0, 'max_heart_rate': 0.0, 'aerobic_training_effect': 2.2, 'unknown_8': 2.0, 'unknown_11': 1.0, 'unknown_12': 0.0, 'unknown_13': 0.0, 'unknown_17': -1.0, 'unknown_18': 12.0, 'unknown_19': 0.0, 'anaerobic_training_effect': 0.0, 'unknown_22': 0.0, 'unknown_23': 0.0, 'unknown_25': 55.0, 'unknown_30': 25.0, 'unknown_31': 78.0, 'unknown_33': 0.0, 'unknown_34': 1.0, 'unknown_41': 1.0, 'unknown_42': 23.0, 'unknown_46': 7.0, 'unknown_49': 93.0, 'unknown_50': 89.0, 'unknown_51': 0.0, 'unknown_52': 0.0, 'unknown_53': 0.0, 'unknown_56': 0.0, 'unknown_59': 0.0, 'unknown_63': 138.0, 'unknown_64': 83.0, 'unknown_65': 0.0, 'unknown_79': None}
INFO:root:writing hr zone data for /home/kellen/.HealthData/FitFiles/Activities/23926452362_ACTIVITY.fit
INFO:root:writing session hr zone data {'timestamp': datetime.datetime(2026, 8, 10, 17, 33, 58, tzinfo=datetime.timezone.utc), 'hr_zones_time': [datetime.time(0, 0, 24, 964000), datetime.time(0, 0, 33, 999000), datetime.time(0, 28, 15, 938000), datetime.time(0, 3, 13, 101000), datetime.time(0, 0), datetime.time(0, 0), datetime.time(0, 0)], 'unknown_5': [290041.0, 1546851.0, 86102.0, 22009.0, 0.0, 2999.0, 0.0, 0.0], 'unknown_9': [288.0, 355.0, 394.0, 443.0, 510.0, 4000.0, None, None], 'hr_zones_timer_type': <HeartRateZonesTimerType.session: 18>, 'record_num': 0, 'unknown_15': 443.0, 'hr_zones': [104, 125, 146, 166, 187, 208], 'hr_zones_method': <HeartRateZonesMethod.max_heart_rate: 1>, 'max_heart_rate': 208.0, 'min_heart_rate': 59.0, 'lactate_threshhold_heart_rate': 184.0, 'unknown_14': 1.0} for /home/kellen/.HealthData/FitFiles/Activities/23926452362_ACTIVITY.fit
INFO:root:writing hr zone data for /home/kellen/.HealthData/FitFiles/Activities/23926452362_ACTIVITY.fit
INFO:root:writing lap hr zone data {'timestamp': datetime.datetime(2026, 8, 10, 17, 33, 58, tzinfo=datetime.timezone.utc), 'hr_zones_time': [datetime.time(0, 0, 24, 964000), datetime.time(0, 0, 33, 999000), datetime.time(0, 9, 35, 15000), datetime.time(0, 0), datetime.time(0, 0), datetime.time(0, 0), datetime.time(0, 0)], 'unknown_5': [73973.0, 512983.0, 33022.0, 11001.0, 0.0, 2999.0, 0.0, 0.0], 'unknown_9': [288.0, 355.0, 394.0, 443.0, 510.0, 4000.0, None, None], 'hr_zones_timer_type': <HeartRateZonesTimerType.lap: 19>, 'record_num': 0, 'unknown_15': 443.0, 'hr_zones': [104, 125, 146, 166, 187, 208], 'hr_zones_method': <HeartRateZonesMethod.max_heart_rate: 1>, 'max_heart_rate': 208.0, 'min_heart_rate': 59.0, 'lactate_threshhold_heart_rate': 184.0, 'unknown_14': 1.0} for /home/kellen/.HealthData/FitFiles/Activities/23926452362_ACTIVITY.fit
INFO:root:writing lap hr zone data {'activity_id': '23926452362', 'lap': 0, 'hr_zones_method': <HeartRateZonesMethod.max_heart_rate: 1>, 'hrz_1_time': datetime.time(0, 0, 33, 999000), 'hrz_2_time': datetime.time(0, 9, 35, 15000), 'hrz_3_time': datetime.time(0, 0), 'hrz_4_time': datetime.time(0, 0), 'hrz_5_time': datetime.time(0, 0), 'hrz_1_hr': 104, 'hrz_2_hr': 125, 'hrz_3_hr': 146, 'hrz_4_hr': 166, 'hrz_5_hr': 187} for /home/kellen/.HealthData/FitFiles/Activities/23926452362_ACTIVITY.fit
INFO:root:writing hr zone data for /home/kellen/.HealthData/FitFiles/Activities/23926452362_ACTIVITY.fit
INFO:root:writing lap hr zone data {'timestamp': datetime.datetime(2026, 8, 10, 17, 33, 58, tzinfo=datetime.timezone.utc), 'hr_zones_time': [datetime.time(0, 0), datetime.time(0, 0), datetime.time(0, 8, 52, 968000), datetime.time(0, 1, 37, 24000), datetime.time(0, 0), datetime.time(0, 0), datetime.time(0, 0)], 'unknown_5': [169070.0, 397907.0, 52007.0, 11008.0, 0.0, 0.0, 0.0, 0.0], 'unknown_9': [288.0, 355.0, 394.0, 443.0, 510.0, 4000.0, None, None], 'hr_zones_timer_type': <HeartRateZonesTimerType.lap: 19>, 'record_num': 1, 'unknown_15': 443.0, 'hr_zones': [104, 125, 146, 166, 187, 208], 'hr_zones_method': <HeartRateZonesMethod.max_heart_rate: 1>, 'max_heart_rate': 208.0, 'min_heart_rate': 59.0, 'lactate_threshhold_heart_rate': 184.0, 'unknown_14': 1.0} for /home/kellen/.HealthData/FitFiles/Activities/23926452362_ACTIVITY.fit
INFO:root:writing lap hr zone data {'activity_id': '23926452362', 'lap': 1, 'hr_zones_method': <HeartRateZonesMethod.max_heart_rate: 1>, 'hrz_1_time': datetime.time(0, 0), 'hrz_2_time': datetime.time(0, 8, 52, 968000), 'hrz_3_time': datetime.time(0, 1, 37, 24000), 'hrz_4_time': datetime.time(0, 0), 'hrz_5_time': datetime.time(0, 0), 'hrz_1_hr': 104, 'hrz_2_hr': 125, 'hrz_3_hr': 146, 'hrz_4_hr': 166, 'hrz_5_hr': 187} for /home/kellen/.HealthData/FitFiles/Activities/23926452362_ACTIVITY.fit
INFO:root:writing hr zone data for /home/kellen/.HealthData/FitFiles/Activities/23926452362_ACTIVITY.fit
INFO:root:writing lap hr zone data {'timestamp': datetime.datetime(2026, 8, 10, 17, 33, 58, tzinfo=datetime.timezone.utc), 'hr_zones_time': [datetime.time(0, 0), datetime.time(0, 0), datetime.time(0, 9, 38, 970000), datetime.time(0, 0, 34, 1000), datetime.time(0, 0), datetime.time(0, 0), datetime.time(0, 0)], 'unknown_5': [46998.0, 565973.0, 0.0, 0.0, 0.0, 0.0, 0.0, 0.0], 'unknown_9': [288.0, 355.0, 394.0, 443.0, 510.0, 4000.0, None, None], 'hr_zones_timer_type': <HeartRateZonesTimerType.lap: 19>, 'record_num': 2, 'unknown_15': 443.0, 'hr_zones': [104, 125, 146, 166, 187, 208], 'hr_zones_method': <HeartRateZonesMethod.max_heart_rate: 1>, 'max_heart_rate': 208.0, 'min_heart_rate': 59.0, 'lactate_threshhold_heart_rate': 184.0, 'unknown_14': 1.0} for /home/kellen/.HealthData/FitFiles/Activities/23926452362_ACTIVITY.fit
INFO:root:writing lap hr zone data {'activity_id': '23926452362', 'lap': 2, 'hr_zones_method': <HeartRateZonesMethod.max_heart_rate: 1>, 'hrz_1_time': datetime.time(0, 0), 'hrz_2_time': datetime.time(0, 9, 38, 970000), 'hrz_3_time': datetime.time(0, 0, 34, 1000), 'hrz_4_time': datetime.time(0, 0), 'hrz_5_time': datetime.time(0, 0), 'hrz_1_hr': 104, 'hrz_2_hr': 125, 'hrz_3_hr': 146, 'hrz_4_hr': 166, 'hrz_5_hr': 187} for /home/kellen/.HealthData/FitFiles/Activities/23926452362_ACTIVITY.fit
INFO:root:writing hr zone data for /home/kellen/.HealthData/FitFiles/Activities/23926452362_ACTIVITY.fit
INFO:root:writing lap hr zone data {'timestamp': datetime.datetime(2026, 8, 10, 17, 33, 58, tzinfo=datetime.timezone.utc), 'hr_zones_time': [datetime.time(0, 0), datetime.time(0, 0), datetime.time(0, 0, 8, 985000), datetime.time(0, 1, 2, 76000), datetime.time(0, 0), datetime.time(0, 0), datetime.time(0, 0)], 'unknown_5': [0.0, 69988.0, 1073.0, 0.0, 0.0, 0.0, 0.0, 0.0], 'unknown_9': [288.0, 355.0, 394.0, 443.0, 510.0, 4000.0, None, None], 'hr_zones_timer_type': <HeartRateZonesTimerType.lap: 19>, 'record_num': 3, 'unknown_15': 443.0, 'hr_zones': [104, 125, 146, 166, 187, 208], 'hr_zones_method': <HeartRateZonesMethod.max_heart_rate: 1>, 'max_heart_rate': 208.0, 'min_heart_rate': 59.0, 'lactate_threshhold_heart_rate': 184.0, 'unknown_14': 1.0} for /home/kellen/.HealthData/FitFiles/Activities/23926452362_ACTIVITY.fit
INFO:root:writing lap hr zone data {'activity_id': '23926452362', 'lap': 3, 'hr_zones_method': <HeartRateZonesMethod.max_heart_rate: 1>, 'hrz_1_time': datetime.time(0, 0), 'hrz_2_time': datetime.time(0, 0, 8, 985000), 'hrz_3_time': datetime.time(0, 1, 2, 76000), 'hrz_4_time': datetime.time(0, 0), 'hrz_5_time': datetime.time(0, 0), 'hrz_1_hr': 104, 'hrz_2_hr': 125, 'hrz_3_hr': 146, 'hrz_4_hr': 166, 'hrz_5_hr': 187} for /home/kellen/.HealthData/FitFiles/Activities/23926452362_ACTIVITY.fit
INFO:root:writing hr zone data for /home/kellen/.HealthData/FitFiles/Activities/23926452362_ACTIVITY.fit
INFO:root:writing hr zone data for /home/kellen/.HealthData/FitFiles/Activities/23926452362_ACTIVITY.fit
INFO:root:writing hr zone data for /home/kellen/.HealthData/FitFiles/Activities/23926452362_ACTIVITY.fit
INFO:root:No entry handler _write_timestamp_correlation_entry for known message type <MessageType.timestamp_correlation: 162> (1) from /home/kellen/.HealthData/FitFiles/Activities/23926452362_ACTIVITY.fit: DataMessage: <MessageType.timestamp_correlation: 162>: {'timestamp': datetime.datetime(2026, 8, 10, 17, 33, 58, tzinfo=datetime.timezone.utc), 'unknown_1': 1155317638.0, 'unknown_3': 1155303238.0}
INFO:root:Writing attribute: 0.0 -> 'active_time_zone' at datetime.datetime(2026, 8, 10, 13, 33, 58)
INFO:root:Writing attribute: <DateMode.month_day: 1> -> 'date_mode' at datetime.datetime(2026, 8, 10, 13, 33, 58)
INFO:root:Writing attribute: 0.0 -> 'time_zone' at datetime.datetime(2026, 8, 10, 13, 33, 58)
INFO:root:Writing attribute: <DateMode.month_day: 1> -> 'date_format' at datetime.datetime(2026, 8, 10, 13, 33, 58)
INFO:root:user profile message: {'wake_time': datetime.time(7, 0), 'sleep_time': datetime.time(23, 0), 'ts_41': datetime.datetime(2026, 8, 6, 19, 12, 10, tzinfo=datetime.timezone.utc), 'unknown_42': None, 'unknown_67': [75.0, 101.0, 108.0, 108.0, 101.0, 110.0, 32.0, 75.0, 97.0, 110.0, 97.0, 114.0, 105.0, 111.0, 115.0, None, None, None, None, None, None, None, None, None, None, None, None, None, None, None, None, None, None, None, None, None, None, None, None, None, None, None, None, None, None, None, None, None, None, None, None, None, None, None, None, None, None, None, None, None, None, None, None, None, None, None, None, None, None, None, None, None, None, None, None, None, None, None, None, None, None, None, None, None, None, None, None, None, None, None, None, None, None, None, None, None, None, None, None, None, None, None, None, None, None, None, None, None, None, None, None, None, None, None, None, None, None, None, None, None, None, None, None, None, None, None, None, None, None, None, None, None, None, None, None, None, None, None, None, None, None, None, None, None, None, None, None, None, None, None, None, None, None, None, None, None, None, None, None, None, None, None, None, None, None, None, None, None, None, None, None, None, None, None, None, None, None, None, None, None, None, None, None, None, None, None, None, None, None, None, None, None, None, None, None, None, None, None, None, None, None, None, None, None, None, None, None, None, None, None, None, None, None, None, None, None, None, None, None, None, None, None, None, None, None, None, None, None, None, None, None, None, None, None, None, None, None, None, None, None, None, None, None, None, None, None, None, None, None, None, None, None], 'weight': 184.96786970000002, 'user_running_step_length': None, 'user_walking_step_length': None, 'unknown_33': None, 'unknown_37': 138.0, 'unknown_38': None, 'unknown_0': [None, None, None, None, None, None, None, None, None, None, None, None, None, None, None, None, None, None, None, None, None, None, None, None, None], 'gender': <Gender.male: 1>, 'height': 6.167979012000001, 'language': <Language.English: 0>, 'elev_setting': <DisplayMeasure.statute: 1>, 'weight_setting': <DisplayMeasure.statute: 1>, 'resting_heart_rate': 59.0, 'hr_setting': <DisplayHeart.max: 1>, 'speed_setting': <DisplayMeasure.statute: 1>, 'dist_setting': <DisplayMeasure.statute: 1>, 'activity_class': '70', 'position_setting': <DisplayPosition.degree_minute_second: 2>, 'temperature_setting': <DisplayMeasure.statute: 1>, 'year_of_birth': 2002, 'height_setting': <DisplayMeasure.statute: 1>, 'unknown_36': 0.0, 'unknown_43': 0.0, 'unknown_44': 11.0, 'unknown_45': 4.0, 'depth_setting': <DisplayMeasure.statute: 1>, 'unknown_52': 0.0, 'unknown_53': 3.0, 'unknown_54': 4.0, 'unknown_57': 0.0, 'unknown_60': [0.0, 2.0, 0.0, 0.0, 0.0, 2.0, 0.0], 'unknown_62': 1.0, 'unknown_65': 0.0, 'unknown_66': 0.0, 'unknown_69': 0.0, 'unknown_70': 2.0}
INFO:root:Writing attribute: <Gender.male: 1> -> 'gender' at datetime.datetime(2026, 8, 10, 13, 33, 58)
INFO:root:Writing attribute: 6.167979012000001 -> 'height' at datetime.datetime(2026, 8, 10, 13, 33, 58)
INFO:root:Writing attribute: 184.96786970000002 -> 'weight' at datetime.datetime(2026, 8, 10, 13, 33, 58)
INFO:root:Writing attribute: 2002 -> 'year_of_birth' at datetime.datetime(2026, 8, 10, 13, 33, 58)
INFO:root:Writing attribute: <Language.English: 0> -> 'language' at datetime.datetime(2026, 8, 10, 13, 33, 58)
INFO:root:Writing attribute: <DisplayMeasure.statute: 1> -> 'dist_setting' at datetime.datetime(2026, 8, 10, 13, 33, 58)
INFO:root:Writing attribute: <DisplayMeasure.statute: 1> -> 'weight_setting' at datetime.datetime(2026, 8, 10, 13, 33, 58)
INFO:root:Writing attribute: <DisplayPosition.degree_minute_second: 2> -> 'position_setting' at datetime.datetime(2026, 8, 10, 13, 33, 58)
INFO:root:Writing attribute: <DisplayMeasure.statute: 1> -> 'elev_setting' at datetime.datetime(2026, 8, 10, 13, 33, 58)
INFO:root:Writing attribute: datetime.time(23, 0) -> 'sleep_time' at datetime.datetime(2026, 8, 10, 13, 33, 58)
INFO:root:Writing attribute: datetime.time(7, 0) -> 'wake_time' at datetime.datetime(2026, 8, 10, 13, 33, 58)
INFO:root:Writing attribute: <DisplayMeasure.statute: 1> -> 'speed_setting' at datetime.datetime(2026, 8, 10, 13, 33, 58)
INFO:root:Writing attribute: <DisplayMeasure.statute: 1> -> 'measurement_system' at datetime.datetime(2026, 8, 10, 13, 33, 58)
INFO:root:Writing attribute: <DisplayMeasure.statute: 1> -> 'measurement_system' at datetime.datetime(2026, 8, 10, 13, 33, 58)
INFO:root:Writing attribute: <DisplayMeasure.statute: 1> -> 'measurement_system' at datetime.datetime(2026, 8, 10, 13, 33, 58)
INFO:root:Writing attribute: <DisplayMeasure.statute: 1> -> 'measurement_system' at datetime.datetime(2026, 8, 10, 13, 33, 58)
INFO:root:No entry handler _write_gps_metadata_entry for known message type <MessageType.gps_metadata: 160> (1956) from /home/kellen/.HealthData/FitFiles/Activities/23926452362_ACTIVITY.fit: DataMessage: <MessageType.gps_metadata: 160>: {'unknown_3': 4030.0, 'unknown_4': 1076.0}
INFO:/home/kellen/.local/bin/garmindb-cli:___Analyzing Data___
INFO:idbutils.db_object:Found time_col_name timestamp for table summary
INFO:idbutils.db_object:Found time_col_name timestamp for table summary
INFO:/home/kellen/.cache/uv/environments-v2/garmindb-cli-b174125ee89b7976/lib/python3.12/site-packages/garmindb/analyze.py:Summary Tables Generation:
INFO:/home/kellen/.cache/uv/environments-v2/garmindb-cli-b174125ee89b7976/lib/python3.12/site-packages/garmindb/analyze.py:Generating table entries for 2024
INFO:/home/kellen/.cache/uv/environments-v2/garmindb-cli-b174125ee89b7976/lib/python3.12/site-packages/garmindb/analyze.py:Generating table entries for 2025
INFO:/home/kellen/.cache/uv/environments-v2/garmindb-cli-b174125ee89b7976/lib/python3.12/site-packages/garmindb/analyze.py:Generating table entries for 2026
